Название аптеки,Адрес,Телефон,Цена
АльфаАптека Аптека N15 ЗАО Компания Интерфарм,"Толочин, ул. Энгельса, 79/2",(02136) 55992,30.00 р.
АльфаАптека Аптека N24 ОДО Салюслайн,"Щучин, ул. Зеленая, 3A",(01514) 77691,30.00 р.
Ремедика Бальзам ООО Аптека N15,"Иваново, аг. Мотоль, ул. Советская, 1А",(01652) 58323,45.00 р.
Тишас ОДО Аптека N15,"Лепель, ул. Войкова, 122А, маг. Санта",(02132) 36672,65.00 р.
Тишас ОДО Аптека N20,"Новополоцк, ул. Молодежная, 186Б, магазин Санта",(0214) 758607,65.00 р.
Тишас ОДО Аптека N34,"Орша, ул. Мира, 29",(0216) 507835,65.00 р.
Моя Аптека ООО Аптека N27,"Мозырь, ул. Притыцкого, 2Г-2",(0236) 240092,70.00 р.
Моя Аптека ООО Аптека N41,"Пружаны, ул. Интернациональная, 3",(01632) 22754,70.00 р.
Моя Аптека ООО Аптека N50,"Лельчицы, ул. Советская, 58/1",(02356) 42340,70.00 р.
Моя Аптека ООО Аптека N78,"Гродно, б-р Ленинского комсомола, 44-5",(0152) 550202,70.00 р.
Моя Аптека ООО Аптека N51,"Пинск, ул. Карла Маркса, 29А-1",(0165) 658602,70.00 р.
Моя Аптека ООО Аптека N79,"Любань, ул. Первомайская, 62А",(01794) 50067,70.00 р.
Тишас ОДО Аптека N27,"Пинск, ул. Иркутско-Пинской Дивизии, 61/1",(0165) 649676,80.00 р.
Добрыя Леки Аптека N14 ЗАО Аптека групп Север,"Витебск, пр-т Московский, 19/1, пом. 236",моб. 5355757,88.50 р.
Добрыя Леки Аптека N16 ЗАО Аптека групп Север,"Витебск, пр-т Московский, 119, маг. Маяк",моб. 5355757,88.50 р.
Добрыя Леки Аптека N35 ЗАО Аптека групп Север,"Полоцк, ул. Хруцкого, 8, пом. 5",моб. 5355757,88.50 р.
Добрыя Леки Аптека N44 ЗАО Аптека групп Север,"Новополоцк, ул. Молодежная, 92А-1, ТЦ Пралеска",моб. 5355757,88.50 р.
ADEL Аптека N43 ЗАО Аптека групп Север,"Полоцк, ш. Вильнюсское, 1/2, ТЦ Манеж",(044) 5034264,88.50 р.
Витвар ООО Аптека N9,"Минск-Фрунзенский, ул. Сухаревская, 16, пом. 4, торг. пав. N2",(017) 3779068,90.00 р.
Планета Здоровья Аптека N3 ОДО Белэкрос,"Минск-Первомайский, ул. Ложинская, 22, ТЦ Дмитриев Кирмаш",+375173600331,97.91 р.
Планета здоровья Аптека N52 Доктор Время ООО,"Минск-Московский, пр-т Дзержинского, 131/635",+375173532652,97.91 р.
Планета Здоровья Аптека N6 ООО Аптека N28,"Минск-Октябрьский, ул. Могилевская, 12-2, Магазин Дионис",+375173770714,97.91 р.
Планета Здоровья Аптека N7 ИООО АБФармация,"Минск-Московский, ул. Розы Люксембург, 80, Магазин Санта",+375173641462,97.91 р.
Планета Здоровья Аптека N9 ООО Аптека N28,"Минск-Октябрьский, ул. Воронянского, 19, пом. 3 Магазин Санта, отдельный вход",+375172707545,97.91 р.
Фармира ООО Аптека N4,"Борисов, ул. Нормандия-Неман, 159А, ТЦ Неман",(0177) 722939,98.54 р.
Планета Здоровья Аптека N1 ООО Нова-Фарм,"Минск-Советский, Логойский тр-т, 25, к. 1",+375173471349,99.00 р.
Планета Здоровья Аптека N16 ООО Нелли-фарм,"Мозырь, пл. Максима Горького, 5, к. 4 пом. 4-42 Магазин Грошык",+375236213845,99.00 р.
Планета Здоровья Аптека N3 ООО Нелли-фарм,"Мозырь, ул. Интернациональная, 53А",+375236253910,99.00 р.
Планета Здоровья Аптека N7 ООО Нелли-фарм,"Мозырь, ул. Ульяновская, 11, Магазин Евроопт, отдельный вход",+375236247051,99.00 р.
Планета Здоровья Аптека N8 ИООО АБФармация,"Минск-Советский, ул. Максима Богдановича, 147",+375172432477,99.00 р.
Планета Здоровья Аптека N1 ООО Нелли-фарм,"Мозырь, ул. Нефтестроителей, 1В",+375236243811,99.00 р.
Добрыя Леки Аптека N2 Либерти-фарм ООО,"Минск-Советский, ул. Веры Хоружей, 17-145, маг. Соседи",моб. 5355757,100.00 р.
ФармОстров ООО Аптека N18,"Мозырь, ул. Митрополита Филарета, 2-2",(0236) 257318,100.00 р.
ФармОстров ООО Аптека N32,"Гомель, ул. Братьев Лизюковых, 18-1",(0232) 356045,100.00 р.
InLek Аптека N8 ОДО ДКМ-ФАРМ,"Минск-Советский, ул. Кольцова, 32, пом. 3Н",(017) 3173863,101.14 р.
ФармОстров ООО Аптека N27,"Гомель, ул. Тереховская, 1, пом. 1а",(0232) 228934,101.16 р.
ФармОстров ООО Аптека N12,"Гомель, ул. 60 лет СССР, 14/3-3",(0232) 235019,от 101.16 р.
Добрыя леки Аптека N11 ОДО Амадей,"Гомель, ул. Царикова, 1А-2",моб. 5355757,101.66 р.
Добрыя Леки Аптека N36 ОДО Амадей,"Гомель, ул. Белого, 11, маг. Соседи",моб. 5355757,101.66 р.
Планета Здоровья Аптека N16 ИООО АБФармация,"Орша, ул. Советская, 2В, ТЦ Орша-Сити",+375216518960,от 101.97 р.
Планета Здоровья Аптека N26 ООО Аптека N28,"Орша, пер. 4-й Чернышевского, 4/2, Магазин Евроопт, второй этаж",+375216543014,101.97 р.
Добрыя Леки Аптека N25 ОДО Амадей,"Гомель, пр-т Речицкий, 75-198, рядом маг. Красный пищевик",моб. 5355757,102.39 р.
Добрыя Леки Аптека N27 ОДО Амадей,"Гомель, ул. Первомайская, 3-2, пом. 2.1-2.2, мкр. Костюковка",моб. 5355757,102.39 р.
Добрыя Леки Аптека N31 ОДО Амадей,"Жлобин, 1-й Микрорайон, 1Б, маг. Копеечка",моб. 5355757,102.39 р.
ADEL Аптека N72 ООО Аптека групп Центр,"Минск-Центральный, пр-т Победителей, 84, ТРЦ Арена сити, рядом с кассами маг. Green",(044) 5034264,102.66 р.
ADEL Аптека N94 ООО Аптека групп Центр,"Минск-Московский, пр-т Дзержинского, 94",(044) 5034264,102.66 р.
Добрыя Леки Аптека N62 ООО Аптека групп Центр,"Молодечно, ул. Богдана Хмельницкого, 6-2",моб. 5355757,102.66 р.
Добрыя Леки Аптека N66 ООО Аптека групп Центр,"Молодечно, ул. Великий Гостинец, 80-56",моб. 5355757,102.66 р.
Добрыя Леки Аптека N68 ООО Аптека групп Центр,"Молодечно, ул. Франциска Скорины, 23",моб.5355757,102.66 р.
Добрыя Леки Аптека N70 ООО Аптека групп Центр,"Солигорск, ул. Октябрьская, 109А",моб. 5355757,102.66 р.
Добрыя Леки Аптека N73 ООО Аптека групп Центр,"Минск-Партизанский, пр-т Партизанский, 37, маг. Евроопт",моб. 5355757,102.66 р.
Добрыя Леки Аптека N75 ООО Аптека групп Центр,"Минск-Фрунзенский, ул. Одинцова, 20",моб. 5355757,102.66 р.
Добрыя Леки Аптека N89 ООО Аптека групп Центр,"Минск-Фрунзенский, ул. Янки Мавра, 44, маг. Мила",моб. 5355757,102.66 р.
Добрыя Леки-Эканом Аптека N78 ООО Аптека групп Центр,"Минск-Советский, ул. Максима Богдановича, 78",моб. 5355757,102.66 р.
Добрыя Леки Аптека N37 ООО Аптека групп Центр,"Минск-Ленинский, ул. Марата, 19, маг. Соседи",моб. 5355757,102.66 р.
Добрыя Леки Аптека N40 ООО Аптека групп Центр,"Минск-Фрунзенский, ул. Горецкого, 27-2",моб. 5355757,102.66 р.
Мелисса Аптека N22 УП Медфарминвест,"Добруш, пр-т Мира, 7",(02333) 24122,102.66 р.
ФармОстров ООО Аптека N6,"Гомель, ул. Карповича, 10-1",(0232) 269027,102.99 р.
Планета Здоровья Аптека N30 ИООО АБФармация,"Орша, ул. Якубовского, 71А, маг. Евроопт",+375216501903,103.00 р.
Планета Здоровья Аптека N38 Доктор Время ООО,"Жлобин, 2-й Микрорайон, 12, пом. 1, Магазин Евроопт, отдельный вход",+375233438128,103.00 р.
ФармОстров ООО Аптека N22,"Гомель, ул. Богданова, 7-161",(0232) 290334,103.00 р.
ФармОстров ООО Аптека N4,"Гомель, ул. Ландышева, 12",(0232) 240241,103.00 р.
Аптека АстраФарма N18 ООО Кладовая здоровья,"Гомель, пр-т Речицкий, 101-1А",(0232) 247135,103.00 р.
Аптека АстраФарма N8 ООО Кладовая здоровья,"Могилев, ул. Лепешинского, 22, пом. 66-14",(0222) 425080,от 103.00 р.
Аптека АстраФарма N1 ООО ФармОстров,"Орша, ул. Островского, 11",(0216) 512033,103.00 р.
ФармОстров ООО Аптека N26,"Гомель, пр-т Речицкий, 62А",(0232) 312787,103.00 р.
ФармОстров ООО Аптека N29,"Гомель, ул. Виноградная, 12",(0232) 356232,103.00 р.
ФармОстров ООО Аптека N3,"Гомель, ул. Брестская, 1",(0232) 279627,103.00 р.
Аптека АстраФарма N17 ООО Кладовая здоровья,"Гомель, ул. Репина, 2-97",(0232) 247796,103.00 р.
Аптека АстраФарма N4 ООО Кладовая здоровья,"Гомель, ул. Свиридова, 26-1",(0232) 212306,103.00 р.
ФармОстров ООО Аптека N9,"Минск-Ленинский, пр-т Рокоссовского, 145А",(017) 3604137,103.00 р.
ФармОстров ООО Аптека N15,"Жлобин, ул. Первомайская, 80/2",(02334) 44650,103.00 р.
Добрыя Леки Аптека N26 ОДО Амадей,"Гомель, ул. Мазурова, 83А",моб. 5355757,103.72 р.
Добрыя Леки Аптека N43 ОДО Амадей,"Гомель, ул. Барыкина, 183",моб. 5355757,103.72 р.
Добрыя леки Аптека N5 ОДО Амадей,"Гомель, ул. Ильича, 32",(044) 5355757,103.72 р.
Аптека Новая N3 ООО Пролайф,"Бобруйск, ул. 50 лет ВЛКСМ, 6",(029) 1084515,103.75 р.
Аптека Новая N5 ООО Пролайф,"Бобруйск, ул. Генерала Батова, 32-1",(029) 1085315,от 103.75 р.
Аптека Новая N9 ООО Пролайф,"Бобруйск, ул. Минская, 135, ТЦ Карусель",(029) 1492081,от 103.75 р.
Планета Здоровья Аптека N11 ООО Космофарма,"Солигорск, ул. Набережная, 25А, Магазин Евроопт",+375174324626,103.95 р.
Планета Здоровья Аптека N12 ОДО Фарм-Продукт,"Солигорск, ул. Козлова, 30А",+375445697365,103.95 р.
Планета Здоровья Аптека N2 Белтрейдсервис ООО,"Солигорск, ул. Ленинского Комсомола, 18, ТЦ Огонек",+375174255245,103.95 р.
Планета Здоровья Аптека N24 ИООО АБФармация,"Брест, ул. Янки Купалы, 111Е, Магазин Грошык",+375291555019,104.72 р.
Планета Здоровья Аптека N35 ИООО АБФармация,"Брест, ул. Московская, 356А, пом. 52, маг. Маяк",+375162580840,104.72 р.
Планета Здоровья Аптека N4 ИООО АБФармация,"Брест, ул. Комсомольская, 25",+375162533806,104.72 р.
Аптека Новая N4 ООО Пролайф,"Бобруйск, ул. Советская, 40-3, вход с Дзержинского, напротив магазина «Молочный»",(029) 3397959,104.88 р.
Интернет-аптека aptekaonline.by,"Кировск, Доставка Кировск и Бобруйск",(029) 6050590,104.88 р.
Интернет-аптека aptekaonline.by,"Бобруйск, Доставка Бобруйск и Кировск",(029) 6050590,104.88 р.
Аптека Новая N6 ООО Пролайф,"Бобруйск, ул. Парковая, 57, Обувная фабрика на Ванцетти",(029) 1085007,104.97 р.
Планета Здоровья Аптека N21 ОДО Фарм-Продукт,"Солигорск, ул. Козлова, 33, Магазин Евроопт",+375445600394,105.00 р.
Планета Здоровья Аптека N26 ООО Космофарма,"Солигорск, ул. Козлова, 76, маг. Евроопт",+375174311335,105.00 р.
Планета Здоровья Аптека N31 ОДО Фарм-Продукт,"Солигорск, ул. Октябрьская, 27А-3, пом.3-1 Магазин Евроопт",+375445375050,105.00 р.
Планета Здоровья Аптека N6 Белтрейдсервис ООО,"Солигорск, б-р Шахтеров, 5А, Магазин Евроопт",+375174245428,105.00 р.
ФармОстров ООО Аптека N20,"Солигорск, ул. Ленина, 35А",(0174) 237230,105.00 р.
Гомельское УП Фармация Аптека N194/3,"Гомель, ул. Сухого, 2, пом. 3-6",(0232) 235833,105.20 р.
Гомельское УП Фармация Аптека N194/4,"Гомель, ул. Сухого, 6",(0232) 245704,105.20 р.
Гомельское УП Фармация Аптека N195/4,"Гомель, пр-т Речицкий, 86а-2",(0232) 238024,105.20 р.
Гомельское УП Фармация Аптека N4/12,"Гомель, ул. Ильича, 32-99В",(0232) 531272,105.20 р.
Гомельское УП Фармация Аптека N4/6,"Гомель, ул. Ильича, 275",(0232) 236205,105.20 р.
Гомельское УП Фармация Аптека N4/8,"Гомель, аг. Мичуринская, ул. Мира, 21",(0232) 995722,105.20 р.
Гомельское УП Фармация Аптека N165,"Гомель, ул. Быховская, 115-202",(0232) 283762,105.20 р.
Гомельское УП Фармация Аптека N180,"Гомель, ул. Кожара, 2-76",(0232) 302634,105.20 р.
Гомельское УП Фармация Аптека N191,"Гомель, ул. Огоренко, 16",(0232) 358124,105.20 р.
Гомельское УП Фармация Аптека N194,"Гомель, ул. Богданова, 10Б-58",(0232) 236313,105.20 р.
Гомельское УП Фармация Аптека N195/3,"Гомель, пр-т Речицкий, 80-86",(029) 3054057,105.20 р.
Гомельское УП Фармация Аптека N59/1,"Гомель, ул. Чечерская, 3а, маг. Евроопт",(0232) 241064,105.20 р.
Гомельское УП Фармация Аптека N84/1,"Лельчицы, г.п. Лельчицы, ул. Ленина, 35",(02356) 41984,105.20 р.
Гомельское УП Фармация Аптека N9/1,"Ветка, ул. Заслонова, 1д",(02330) 41031,105.20 р.
Гомельское УП Фармация Аптека N100,"Гомель, ул. Мазурова, 117В-67",(0232) 212077,105.20 р.
Брестское РУП Фармация Аптека N103,"Столин, аг. Рубель, ул. Комсомольская, 1А",(01655) 71390,105.27 р.
Брестское РУП Фармация Аптека N210,"Ольшаны, ул. Первомайская, 1Б, в здании ДК",(01655) 97768,105.27 р.
Добрыя Леки-Эканом Аптека N36 ООО Аптека групп Запад,"Брест, ул. Пригородная, 32А, микрорайон Речица",моб. 5355757,105.78 р.
АПТЕЧКА+ Сервис бронирования apte4ka.by,"Брест, Самовывоз при бронировании",(29) 6838787,105.78 р.
InLek Аптека N1 ООО Фармико,"Брест, ул. Дзержинского, 24-1",(0162) 597572,105.80 р.
Доктор Время ООО Аптека N48,"Пинск, ул. Центральная, 23, Магазин Алми",+375165640763,105.82 р.
Планета Здоровья Аптека N13 ИООО АБФармация,"Барановичи, ул. Ленина, 6",+375163668834,105.82 р.
Планета Здоровья Аптека N2 ООО Космофарма,"Пинск, ул. Партизанская, 42, Магазин Евроопт",+375165637161,105.82 р.
InLek Аптека N10 ОДО ДКМ-ФАРМ,"Витебск, пр-т Строителей, 15Г, ТРЦ Трио, Вход №4, направо, за магазином Sokolov",(0212) 221542,106.60 р.
InLek Аптека N33 ОДО ДКМ-ФАРМ,"Витебск, ул. Титова, 136Б, маг. НИКА, 2 этаж",(0212) 248145,106.60 р.
InLek Аптека N39 ОДО ДКМ-ФАРМ,"Витебск, ул. Генерала Белобородова, 2А, маг. Гиппо",(0212) 370429,106.60 р.
InLek Аптека N99 ОДО ДКМ-ФАРМ,"Витебск, пр-т Фрунзе, 32-65, маг. Ника",(0212) 612533,от 106.60 р.
Гомельское УП Фармация Аптека N1/2,"Гомель, ул. Советская, 22",(0232) 272445,106.87 р.
Добрыя леки-Эканом Аптека N14 ООО Аптека групп Запад,"Барановичи, ул. Франциска Скорины, 3А-2",моб. 5355757,106.87 р.
Брестское РУП Фармация Аптека N1,"Брест, б-р Космонавтов, 24-159",(0162) 354411,106.89 р.
Брестское РУП Фармация Аптека N105,"Брест, ул. Ленина, 35-40",(0162) 538212,106.89 р.
Брестское РУП Фармация Аптека N118,"Кобрин, ул. Советская, 136, маг. Евроопт",(01642) 38548,106.89 р.
Брестское РУП Фармация Аптека N139,"Брест, пр-т Партизанский, 14-50",(0162) 250661,106.89 р.
Брестское РУП Фармация Аптека N142,"Брест, ул. Янки Купалы, 18-72",(0162) 566315,106.89 р.
Брестское РУП Фармация Аптека N15,"Дрогичин, г.п. Антополь, ул. Гастелло, 14",(01644) 61148,106.89 р.
Брестское РУП Фармация Аптека N152,"Брест, ул. Советской Конституции, 8, в здании центральной поликлиники",(0162) 282312,106.89 р.
Брестское РУП Фармация Аптека N154,"Барановичи, ул. Тельмана, 161, в здании поликлиники",(0163) 632437,106.89 р.
Брестское РУП Фармация Аптека N158,"Брест, ул. Дубровская, 29, к. 1",(0162) 592446,106.89 р.
Брестское РУП Фармация Аптека N164,"Брест, ул. Суворова, 104",(0162) 524023,106.89 р.
Брестское РУП Фармация Аптека N176,"Малорита, ул. Советская, 96, в здании поликлиники",(01651) 20498,106.89 р.
Брестское РУП Фармация Аптека N178,"Пинск, ул. Рокоссовского, 33-1",(0165) 661942,106.89 р.
Брестское РУП Фармация Аптека N180,"Барановичи, ул. Советская, 121В, маг. Санта",(0163) 614158,106.89 р.
Брестское РУП Фармация Аптека N206,"Столин, ул. Садовая, 44, маг. Санта",(01655) 60389,106.89 р.
Брестское РУП Фармация Аптека N223,"Кобрин, ул. Пушкина, 10-88",(01642) 36117,106.89 р.
Брестское РУП Фармация Аптека N229,"Ивацевичи, ул. Парковая, 2, маг. Евроопт",(01645) 37152,106.89 р.
Брестское РУП Фармация Аптека N255,"Пинск, ул. Брестская, 108, в здании поликлиники",(0165) 655108,106.89 р.
Брестское РУП Фармация Аптека N264,"Барановичи, ул. Франциска Скорины, 17А, маг. Евроопт",(0163) 607136,106.89 р.
Брестское РУП Фармация Аптека N8,"Высокое, ул. Пушкинская, 2-2",(01631) 91386,106.89 р.
Брестское РУП Фармация Барановичская ЦРА N10,"Барановичи, ул. Ленина, 1-37",(0163) 669769,106.89 р.
Брестское РУП Фармация Березовская ЦРА N18,"Береза, ул. Красноармейская, 30",(01643) 50841,106.89 р.
Брестское РУП Фармация Дрогичинская ЦРА N66,"Дрогичин, ул. Карла Маркса, 5-1",(01644) 59575,106.89 р.
Брестское РУП Фармация Пинская ЦРА N134,"Пинск, ул. Центральная, 17Б",(0165) 635841,106.89 р.
Белфармация Аптека N100 (филиал 3),"Минск-Октябрьский, пр-т Мира, 1-1104",(017) 3904528,106.95 р.
Белфармация Аптека N13 (филиал 4),"Минск-Московский, пр-т Независимости, 3-1, пом. 116 ТЦ Столица, верхний уровень, вход со стороны БГПУ и БГУ",(017) 2150811,106.95 р.
Белфармация Аптека N19 (филиал 2),"Минск-Центральный, ул. Немига, 5-40, ТЦ Метрополь, 2 этаж",(017) 3738800,106.95 р.
Белфармация Аптека N3 (филиал 2),"Минск-Ленинский, ул. А. Смолича, 8-82, Лошица 8.2",(017) 3906536,106.95 р.
Белфармация Аптека N7 (филиал 6),"Минск-Центральный, ул. Немига, 8-123, ТЦ На Немиге, 2 этаж",(017) 2708683,106.95 р.
Планета Здоровья Аптека N23 ИООО АБФармация,"Барановичи, ул. Андреева, 1Б, Магазин Евроопт",+375163643117,107.27 р.
Планета Здоровья Аптека N36 ОДО Фарм-Продукт,"Кобрин, ул. Королева, 16, Магазин Евроопт",+375164293950,107.27 р.
Аптека Новая N10 ООО Пролайф,"Бобруйск, ул. Крупской, 2",(029) 1485976,107.38 р.
Аптека Новая N1 ООО Пролайф,"Бобруйск, ул. Пролетарская, 17",(029) 6130830,от 107.47 р.
Аптека Новая N8 ООО Пролайф,"Бобруйск, ул. Интернациональная, 47, МЦ ""Сонодин""",(0225) 737899,от 107.47 р.
Брестское РУП Фармация Аптека N116,"Брест, аг. Большие Мотыкалы, ул. Центральная, 25, в здании амбулатории",(0162) 538316,108.10 р.
Брестское РУП Фармация Аптека N153,"Кобрин, ул. Жукова, 11",(01642) 94569,108.10 р.
Брестское РУП Фармация Аптека N166,"Каменец, аг. Беловежский, ул. Парковая, 4, в здании амбулатории",(01631) 42528,108.10 р.
Брестское РУП Фармация Аптека N20,"Кобрин, аг. Дивин, ул. Ленина, 87",(01642) 72492,108.10 р.
Брестское РУП Фармация Аптека N214,"Пинск, пр-т Жолтовского, 13, маг. Санта",(0165) 621590,108.10 р.
Брестское РУП Фармация Аптека N215,"Пинск, ул. Первомайская, 153, маг. 44 меридиан",(0165) 639910,108.10 р.
Брестское РУП Фармация Аптека N247,"Брест, ул. Спортивная, 6-25",(0162) 234658,108.10 р.
Брестское РУП Фармация Аптека N256,"Лунинец, ул. Гагарина, 202-1А",(01647) 22265,108.10 р.
Брестское РУП Фармация Аптека N47,"Пинск, ул. Кирова, 2-61",(0165) 623323,108.10 р.
Брестское РУП Фармация Аптека N5,"Брест, ул. Советская, 30-19",(0162) 514135,108.10 р.
Брестское РУП Фармация Ляховичская ЦРА N56,"Ляховичи, ул. Ленина, 45-69",(01633) 21864,108.10 р.
Аптека АстраФарма N7 ООО Кладовая здоровья,"Гомель, ул. Малайчука, 19А",(0232) 201020,108.45 р.
Добрыя леки-Эканом Аптека N36 ЗАО Аптека групп Север,"Новополоцк, ул. Молодежная, 148, ТЦ Стрелецкий Олимп, рядом с маг. Мила",моб. 5355757,108.86 р.
Планета Здоровья Аптека N14 ООО Аптека N28,"Новополоцк, ул. Блохина, 6-3, Магазин Дионис",+375214752483,108.88 р.
Планета Здоровья Аптека N17 ООО Аптека N28,"Новополоцк, ул. Молодежная, 148, ТЦ Олимп",+375214584960,108.88 р.
Белана ООО ПКФ Аптека N2,"Брест, ул. Пушкинская, 38-15",(0162) 566270,108.99 р.
Белана ООО ПКФ Аптека N9,"Жабинка, ул. Ленина, 1А",(01641) 35933,108.99 р.
Планета Здоровья Аптека N14 ИООО АБФармация,"Минск-Фрунзенский, ул. Петра Глебки, 2, Магазин Санта",+375173609006,109.10 р.
Планета Здоровья Аптека N4 ООО Аптека N28,"Минск-Фрунзенский, ул. Матусевича, 75, Магазин Дионис",+375172514994,109.10 р.
Планета Здоровья Аптека N5 ИООО АБФармация,"Минск-Фрунзенский, ул. Одинцова, 65, Магазин ГИППО",+375173525935,109.10 р.
Планета Здоровья Аптека N32 ООО Космофарма,"Борисов, ул. Серебренникова, 9/32А",+375177754337,109.20 р.
Планета Здоровья Аптека N35 ООО ДОКТОР ТАИР,"Горки, ул. Строителей, 15Б, пом. 37 Магазин Санта",+375223376115,109.22 р.
Доктор Время ООО Аптека N61,"Горки, ул. Вокзальная, 29Б, Магазин Санта",+375223378529,109.22 р.
Планета Здоровья Аптека N30 ООО Аптека N28,"Гродно, ул. Малыщинская, 25, пом. 5 Магазин Дионис",+375152688776,109.28 р.
Брестское РУП Фармация Аптека N107,"Пинск, ул. Брестская, 76-33",(0165) 614700,109.51 р.
Брестское РУП Фармация Аптека N156,"Пинск, ул. Иркутско-Пинской Дивизии, 75-71",(0165) 610301,109.51 р.
Брестское РУП Фармация Аптека N165,"Брест, ул. Орловская, 24, в здании Белпочты",(0162) 250658,109.51 р.
Брестское РУП Фармация Аптека N169,"Ивацевичи, ул. Толочко, 10, в здании больницы",(01645) 31056,109.51 р.
Брестское РУП Фармация Аптека N175,"Ганцевичи, ул. Матросова, 64, в здании поликлиники",(01646) 69141,109.51 р.
Брестское РУП Фармация Аптека N204,"Микашевичи, ул. Первомайская, 17В, маг. Санта",(01647) 30611,109.51 р.
Брестское РУП Фармация Аптека N231,"Береза, ул. Владимира Ленина, 101, маг. Санта",(01643) 36273,109.51 р.
Брестское РУП Фармация Аптека N237,"Пинск, пр-т Жолтовского, 51",(0165) 640335,109.51 р.
Брестское РУП Фармация Аптека N252,"Барановичи, ул. Фроленкова, 13, в здании ЖД вокзала",(0163) 641702,109.51 р.
Брестское РУП Фармация Аптека N253,"Лунинец, пер. Больничный, 4, в здании детской поликлиники",(01647) 31252,109.51 р.
Брестское РУП Фармация Аптека N259,"Пинск, ул. Первомайская, 173А, маг. Пинск",(0165) 630660,109.51 р.
Брестское РУП Фармация Аптека N26,"Брест, ул. Медицинская, 11, в здании кожвендиспансера",(0162) 539293,109.51 р.
Брестское РУП Фармация Аптека N274,"Кобрин, ул. Дружбы, 20, маг. Санта",(01642) 43822,109.51 р.
Брестское РУП Фармация Аптека N276,"Ивацевичи, ул. Депутатская, 47, маг. Санта",(01645) 99818,109.51 р.
Брестское РУП Фармация Аптека N278,"Пинск, пр-т Жолтовского, 14-57",(0165) 667370,109.51 р.
Брестское РУП Фармация Аптека N28,"Ивацевичи, ул. Механизаторов, 3/3-1",(01645) 90668,109.51 р.
Брестское РУП Фармация Аптека N281,"Лунинец, ул. Бохоново, 11В-1, маг. Санта",(01647) 45395,109.51 р.
Брестское РУП Фармация Аптека N283,"Брест, ул. Дубровская, 15А, маг. Санта",(0162) 237353,109.51 р.
Брестское РУП Фармация Аптека N285,"Барановичи, ул. Заслонова, 10, маг. Санта",(0163) 651121,109.51 р.
Брестское РУП Фармация Аптека N3,"Брест, ул. Советская, 101-13, 103-4",(0162) 543979,109.51 р.
Брестское РУП Фармация Аптека N40,"Ганцевичи, ул. Строителей, 6, маг. Санта",(01646) 61301,109.51 р.
Брестское РУП Фармация Аптека N45,"Брест, ул. Октябрьской революции, 11",(0162) 524886,109.51 р.
Брестское РУП Фармация Аптека N49,"Пружаны, ул. Советская, 8",(01632) 41196,109.51 р.
Брестское РУП Фармация Аптека N61,"Барановичи, аг. Жемчужный, ул. Ленина, 3, в здании амбулатории",(0163) 656033,109.51 р.
Брестское РУП Фармация Аптека N64,"Пинск, ул. Ленина, 17",(0165) 652138,109.51 р.
Брестское РУП Фармация Аптека N65,"Пинск, пл. Ленина, 4-100",(0165) 624949,109.51 р.
Брестское РУП Фармация Аптека N75,"Иваново, аг. Мотоль, ул. Ленина, 28",(01652) 58448,109.51 р.
Брестское РУП Фармация Аптека N84,"Иваново, ул. Советская, 2Г, маг. Санта",(01652) 92540,109.51 р.
Брестское РУП Фармация Аптека N88,"Столин, д. Ольгомель, ул. Садовая, 2А",(01655) 68561,109.51 р.
Брестское РУП Фармация Аптека N93,"Ружаны, ул. Чкалова, 1",(01632) 71248,109.51 р.
Брестское РУП Фармация Жабинковская ЦРА N27,"Жабинка, ул. Ленина, 4",(01641) 35480,109.51 р.
Брестское РУП Фармация Ивацевичская ЦРА N9,"Ивацевичи, ул. Советская, 23",(01645) 21489,109.51 р.
Брестское РУП Фармация Каменецкая ЦРА N16,"Каменец, пер. Чкалова, 5",(01631) 76003,109.51 р.
Брестское РУП Фармация Кобринская ЦРА N168,"Кобрин, ул. Дзержинского, 109",(01642) 31881,109.51 р.
Брестское РУП Фармация Пружанская ЦРА N7,"Пружаны, ул. Октябрьская, 60-49",(01632) 41449,109.51 р.
Брестское РУП Фармация Столинская ЦРА N71,"Столин, ул. Ленина, 13",(01655) 23182,109.51 р.
Брестское РУП Фармация Аптека N127,"Кобрин, ул. Ленина, 17",(01642) 94414,109.65 р.
Брестское РУП Фармация Аптека N262,"Барановичи, ул. Гагарина, 10, в женской консультации",(0163) 608519,109.65 р.
Брестское РУП Фармация Аптека N87,"Давид-Городок, ул. Советская, 57",(01655) 67949,109.65 р.
Брестское РУП Фармация Брестская ЦРА N2,"Брест, пр-т Машерова, 76-130",(0162) 554782,109.65 р.
Брестское РУП Фармация Малоритская ЦРА N14,"Малорита, ул. Советская, 42, пом. 28",(01651) 20716,109.65 р.
Планета Здоровья Аптека N19 ООО Космофарма,"Минск-Фрунзенский, Западный промузел ТЭЦ-4, ул. Монтажников, 2, Магазин Евроопт",+375293960037,110.20 р.
Медвай УП Аптека N10,"Минск-Первомайский, ул. Кедышко, 2",(017) 3502400,110.20 р.
Медвай УП Аптека N11,"Минск-Центральный, б-р Шевченко, 4",(017) 3770906,110.20 р.
Медвай УП Аптека N2,"Минск-Октябрьский, ул. Ленинградская, 1",(017) 3181453,110.20 р.
Медвай УП Аптека N4,"Минск-Заводской, ул. Ангарская, 36А",(017) 3962828,110.20 р.
Медвай УП Аптека N5,"Минск-Фрунзенский, ул. Неманская, 67-7",(017) 3001919,110.20 р.
Медвай УП Аптека N6,"Минск-Фрунзенский, ул. Лещинского, 1",(017) 3603819,110.20 р.
Медвай УП Аптека N7,"Минск-Ленинский, ул. Маяковского, 10, возле Пиццы Мании",(017) 3785942,110.20 р.
Медвай УП Аптека N8,"Минск-Московский, ул. Сергея Есенина, 76/1",(017) 3770654,110.20 р.
Медвай УП Аптека N9,"Минск-Московский, ул. Уманская, 54, ТЦ Глобо, вход с улицы со стороны паркинга",(017) 3922132,110.20 р.
Добрыя Леки Аптека N9 ЗАО Аптека групп Юг,"Могилев, ул. Каштановая, 2",моб. 5355757,110.28 р.
Добрыя Леки-Эканом Аптека N11 ЗАО Аптека групп Юг,"Могилев, пр-т Мира, 6",моб. 5355757,110.28 р.
Добрыя Леки-Эканом Аптека N18 ЗАО Аптека групп Юг,"Могилев, ул. Турова, 24А",моб. 5355757,110.28 р.
Добрыя Леки-Эканом Аптека N2 ЗАО Аптека групп Юг,"Могилев, ул. 30 лет Победы, 12А",моб. 5355757,110.28 р.
АПТЕЧКА+ Сервис бронирования apte4ka.by,"Могилев, Самовывоз при бронировании",(29) 6838787,110.28 р.
АПТЕЧКА+ Сервис бронирования apte4ka.by,Самовывоз при бронировании,(29) 6838787,110.30 р.
Аптека АстраФарма N12 ООО Кладовая здоровья,"Гомель, ул. Царикова, 78, маг. Евроопт",(0232) 553560,110.30 р.
ФармОстров ООО Аптека N21,"Могилев, ул. Островского, 1В",(0222) 713047,110.30 р.
ФармОстров ООО Аптека N14,"Речица, ул. Строителей, 4",(02340) 48816,110.30 р.
Аптека АстраФарма N11 ООО Кладовая здоровья,"Гомель, ул. Советская, 60В",(0232) 212373,110.30 р.
Аптека АстраФарма N13 ООО Кладовая здоровья,"Гомель, ул. 60 лет СССР, 8-1а",(0232) 211080,110.30 р.
ФармОстров ООО Аптека N10,"Гомель, пр-т Речицкий, 61А",(044) 7942118,110.30 р.
Аптека АстраФарма N14 ООО Кладовая здоровья,"Ганцевичи, ул. Матросова, 65Р",(01646) 67807,110.30 р.
Добрыя леки Аптека N95 ООО Аптека групп Центр,"Минск-Октябрьский, пр-т Мира, 1, ЖК Минск-Мир, здание Волна",моб. 5355757,110.30 р.
Добрыя Леки-Эканом Аптека N64 ООО Аптека групп Центр,"Минск-Фрунзенский, ул. Евфросиньи Полоцкой, 1-112",моб. 5355757,110.30 р.
Добрыя Леки-Эканом Аптека N87 ООО Аптека групп Центр,"Минск-Октябрьский, ул. Кижеватова, 80, маг. Мила",моб. 5355757,110.30 р.
Добрыя Леки Аптека N101 ООО Аптека групп Центр,"Борисов, ул. Гагарина, 48А, маг. Фикспрайс",моб. 5355757,110.30 р.
Добрыя Леки Аптека N60 ООО Аптека групп Центр,"Минск-Московский, пр-т Газеты Звязда, 22, маг. Санта",моб. 5355757,110.30 р.
Добрыя Леки-Эканом Аптека N24 ООО Аптека групп Центр,"Минск-Центральный, пр-т Победителей, 49",моб. 5355757,110.30 р.
Добрыя Леки-Эканом Аптека N29 ООО Аптека групп Центр,"Минск-Фрунзенский, пр-т Пушкина, 52",моб. 5355757,110.30 р.
Добрыя Леки-Эканом Аптека N39 ООО Аптека групп Центр,"Минск-Фрунзенский, ул. Кальварийская, 44",моб. 5355757,110.30 р.
Добрыя Леки-Эканом Аптека N6 ООО Аптека групп Центр,"Минск-Октябрьский, ул. Корженевского, 23А",моб. 5355757,110.30 р.
Планета Здоровья Аптека N7 ООО Космофарма,"Гродно, ул. Тимирязева, 8, Магазин Евроопт",+375152625801,110.38 р.
Добрыя Леки-Эканом Аптека N59 ООО Аптека групп Запад,"Гродно, ул. Курчатова, 22-231",моб. 5355757,110.38 р.
Добрыя Леки-Эканом Аптека N2 ООО Аптека групп Запад,"Гродно, ул. Калиновского, 75",моб. 5355757,110.38 р.
InLek Аптека N11 ОДО ДКМ-ФАРМ,"Гродно, ул. Пушкина, 31А",(0152) 643669,110.40 р.
InLek Аптека N27 ОДО ДКМ-ФАРМ,"Гродно, ул. Дубко, 17, ТЦ Old City",(0152) 643143,от 110.40 р.
InLek Аптека N31 ОДО ДКМ-ФАРМ,"Гродно, ул. Щорса, 11А, ТЦ Казарма Молл",(0152) 610479,от 110.40 р.
InLek Аптека N7 ОДО ДКМ-ФАРМ,"Гродно, пр-т Янки Купалы, 87, ТЦ Тринити, 2 этаж, вход в гипермаркет Green",(0152) 337517,от 110.40 р.
Минская Фармация Аптека N303,"Смолевичи, ул. Социалистическая, 52А-99",(01776) 25282,110.73 р.
Добрыя леки Аптека N16 ОДО Амадей,"Гомель, ул. Кирова, 136",моб. 5355757,111.23 р.
Добрыя Леки Аптека N17 ОДО Амадей,"Мозырь, б-р Юности, 155-7",моб. 5355757,111.23 р.
Добрыя леки Аптека N19 ОДО Амадей,"Гомель, ул. Минская, 44, рядом с маг. Друзья",моб. 5355757,111.23 р.
Добрыя леки Аптека N2 ОДО Амадей,"Гомель, ул. Советская, 97, маг. Доброном",моб. 5355757,111.23 р.
Добрыя Леки Аптека N22 ОДО Амадей,"Лельчицы, ул. Ленина, 44Б, маг. Евроопт",моб. 5355757,111.23 р.
Добрыя Леки Аптека N23 ОДО Амадей,"Гомель, ул. Ильича, 270-133",моб. 5355757,111.23 р.
Добрыя Леки Аптека N39 ОДО Амадей,"Лоев, ул. Ленина, 20, маг. Евроопт",моб. 5355757,111.23 р.
Добрыя Леки Аптека N44 ОДО Амадей,"Мозырь, ул. Полесская, 28-119, маг. Доброном",моб. 5355757,111.23 р.
Добрыя Леки-Эканом Аптека N30 ОДО Амадей,"Мозырь, ул. Интернациональная, 53Б, ТЦ Interplaza, пом. 28",моб. 5355757,111.23 р.
Добрыя Леки-Эканом Аптека N35 ОДО Амадей,"Гомель, ул. Юбилейная, 8-2",моб. 5355757,111.23 р.
Добрыя Леки-Эканом Аптека N40 ОДО Амадей,"Мозырь, ул. Нежнова В.С., 15",моб. 5355757,111.23 р.
Добрыя Леки-Эканом Аптека N6 ОДО Амадей,"Гомель, ул. Ильича, 78, Новобелицкий рынок",моб. 5355757,111.23 р.
Добрыя Леки-Эканом Аптека N8 ОДО Амадей,"Гомель, ул. Огоренко, 30",моб. 5355757,111.23 р.
Добрыя Леки-Эканом Аптека N32 ЗАО Аптека групп Юг,"Гомель, пр-т Октября, 34",моб. 5355757,111.28 р.
Добрыя Леки-Эканом Аптека N34 ЗАО Аптека групп Юг,"Гомель, пр-т Космонавтов, 64-5",моб. 5355757,111.28 р.
Добрыя Леки-Эканом Аптека N51 ЗАО Аптека групп Юг,"Гомель, ул. Быховская, 115-193, ТЦ Старый богатырь",моб. 5355757,111.28 р.
АПТЕЧКА+ Сервис бронирования apte4ka.by,"Гомель, Самовывоз при бронировании",(29) 6838787,111.28 р.
Доктор Время ООО Аптека N41,"Светлогорск, ул. Социалистическая, 80/1, Магазин Евроопт",+375234231929,111.30 р.
Гомельское УП Фармация Аптека N168/8,"Светлогорск, м-н Первомайский, 47-2",(02342) 34307,111.30 р.
Гомельское УП Фармация Аптека N168/9,"Светлогорск, ул. Ленина, 44, кафе Свитанак",(02342) 30782,111.30 р.
Гомельское УП Фармация Аптека N20/5,"Добруш, ул. Полевая, 3а",(02333) 23317,111.30 р.
Гомельское УП Фармация Аптека N7/2,"Гомель, ул. Ефремова М.Г., 16Б",(0232) 202329,111.30 р.
Гомельское УП Фармация Аптека N8/2,"Гомель, ул. Оськина, 22-109",(0232) 264767,111.30 р.
Гомельское УП Фармация Аптека N133/3,"Гомель, ул. Котовского, 56",(0232) 304398,111.30 р.
Гомельское УП Фармация Аптека N156/1,"Гомель, ул. Клермон-Ферран, 2, 9-я городская пол-ка",(0232) 319934,111.30 р.
Гомельское УП Фармация Аптека N167/1,"Гомель, ул. Ландышева, 17",(0232) 533323,111.30 р.
Гомельское УП Фармация Аптека N199/1,"Жлобин, ул. Воровского, 1",(02334) 42510,111.30 р.
Гомельское УП Фармация Аптека N199/7,"Жлобин, ул. Промышленная, 37, пол-ка БМЗ",(02334) 56291,111.30 р.
Гомельское УП Фармация Аптека N107,"Светлогорск, ул. 50 лет Октября, 11-66",(02342) 56217,111.30 р.
Гомельское УП Фармация Аптека N58,"Гомель, ул. Мазурова, 46",(0232) 565705,111.30 р.
Гомельское УП Фармация Аптека N63,"Мозырь, ул. Пролетарская, 92",(0236) 254122,111.30 р.
Гомельское УП Фармация Аптека N66,"Калинковичи, ул. Советская, 21",(02345) 38230,111.30 р.
Гомельское УП Фармация Аптека N7,"Гомель, пр-т Космонавтов, 32",(0232) 222641,111.30 р.
Гомельское УП Фармация Аптека N74,"Ельск, ул. Ленинская, 10-2",(02354) 44221,111.30 р.
Гомельское УП Фармация Аптека N8,"Гомель, ул. Севастопольская, 91",(0232) 531378,111.30 р.
Гомельское УП Фармация Аптека N9,"Ветка, ул. Батракова, 31",(02330) 43340,111.30 р.
Планета Здоровья Аптека N16 ОДО Фарм-Продукт,"Докшицы, ул. Гайдара, 62, Магазин Санта",+375215756201,111.47 р.
Добрыя Леки Аптека N24 ЗАО Аптека групп Юг,"Бобруйск, ул. Советская, 129, дом быта",моб. 5355757,112.27 р.
Добрыя леки-Эканом Аптека N23 ЗАО Аптека групп Юг,"Бобруйск, ул. Дзержинского, 50",моб. 5355757,112.27 р.
Могилевское РУП Фармация Аптека N102,"Бобруйск, ул. Гоголя, 202-81",(0225) 737961,112.29 р.
InLek Аптека N5 ОДО ДКМ-ФАРМ,"Мозырь, ул. Нефтестроителей, 26/1, ТЦ Катапульта",(0236) 257158,от 112.38 р.
SAVA Аптека N37 ОДО ДКМ-ФАРМ,"Осиповичи, ул. Сташкевича, 43, маг. Соседи",(02235) 51077,112.38 р.
Добрыя Леки-Эканом Аптека N1 ОДО Синтекс,"Минск-Советский, ул. Кольцова, 10",моб. 5355757,112.46 р.
Добрыя Леки-Эканом Аптека N88 ООО Аптека групп Центр,"Минск-Московский, ул. Голубева, 14Б",моб. 5355757,112.46 р.
Белфармация Аптека N1,"Минск-Советский, ул. Веры Хоружей, 24, к.1-2н",(017) 3972660,112.48 р.
Белфармация Аптека N101,"Минск-Фрунзенский, ул. Якубовского, 32, пом. 2",(017) 3586138,112.48 р.
Белфармация Аптека N102,"Минск-Заводской, ул. Бачило, 12-1",(017) 3953238,112.48 р.
Белфармация Аптека N104 (филиал 2),"Минск-Центральный, ул. Мястровская, 27, маг. Лебяжий супермаркет Виталюр, 1 этаж",(017) 3019922,112.48 р.
Белфармация Аптека N104 (филиал 5),"Минск-Центральный, пр-т Победителей, 75, к. 1, пом. 17Н",(017) 2150970,112.48 р.
Белфармация Аптека N109 (филиал 1),"Минск-Московский, ул. Сергея Есенина, 21, 5-я городская пол-ка",(017) 3690220,112.48 р.
Белфармация Аптека N109 (филиал 2),"Минск-Московский, ул. Сергея Есенина, 66, 8-я детская пол-ка",(017) 3747949,112.48 р.
Белфармация Аптека N109 (филиал 5),"Минск-Московский, пр-т Дзержинского, 91, маг. Алми, 1 этаж",(017) 2360576,112.48 р.
Белфармация Аптека N11 (филиал 2),"Минск-Московский, пр-т Дзержинского, 20-199",(017) 3236843,112.48 р.
Белфармация Аптека N11 (филиал 3),"Минск-Московский, ул. Гурского, 43-160, ст. м. Михалово",(017) 2219029,112.48 р.
Белфармация Аптека N110,"Минск-Первомайский, ул. Руссиянова, 9",(017) 2828721,112.48 р.
Белфармация Аптека N112,"Минск-Первомайский, ул. Гинтовта, 14-3",(017) 3577699,112.48 р.
Белфармация Аптека N112 (филиал 3),"Минск-Первомайский, ул. Героев 120 дивизии, 21, маг. Евроопт, 2 этаж",(017) 2427310,112.48 р.
Белфармация Аптека N113 (филиал 1),"Минск-Московский, ул. Слободская, 131, маг. Евроопт",(017) 3377231,112.48 р.
Белфармация Аптека N13 (филиал 3),"Минск-Фрунзенский, ул. Люцинская, 3, 40-я городская пол-ка, 2 этаж, м-н Каменная горка-3",(017) 2346504,112.48 р.
Белфармация Аптека N14,"Минск-Фрунзенский, ул. Янки Мавра, 64, пом. 3Н",(017) 3472425,112.48 р.
Белфармация Аптека N17,"Минск-Первомайский, пр-т Независимости, 119-3",(017) 3619457,112.48 р.
Белфармация Аптека N17 (филиал 4),"Минск-Первомайский, пр-т Независимости, 143/1-3н, пом.3н-1-3н-10, 3н-23, 3н-26",(017) 3978426,112.48 р.
Белфармация Аптека N18 (филиал 1),"Минск-Центральный, ул. Красная, 5, пом. 3Н, ул. Киселёва, 15, на углу Минского эндокринологического диспансера",(017) 3556252,112.48 р.
Белфармация Аптека N19,"Минск-Октябрьский, ул. Кирова, 2-147, напротив ЖД вокзала",(017) 2256180,112.48 р.
Белфармация Аптека N20 (филиал 3),"Минск-Московский, пр-т Дзержинского, 122-535, ст. м. Малиновка",(017) 2365801,112.48 р.
Белфармация Аптека N25,"Минск-Партизанский, ул. Олега Кошевого, 10, пом. 5Н, ст. м. Тракторный завод",(017) 3382787,112.48 р.
Белфармация Аптека N25 (филиал 5),"Минск-Первомайский, ул. Козлова, 31-11",(017) 2602713,112.48 р.
Белфармация Аптека N26,"Минск-Центральный, ул. Ленина, 4, ст. м. Октябрьская/Купаловская",(017) 3228024,112.48 р.
Белфармация Аптека N3,"Минск-Заводской, ул. Ташкентская, 16/1-3Н",(017) 3736993,112.48 р.
Белфармация Аптека N3 (филиал 1),"Минск-Заводской, ул. Голодеда, 7/2",(017) 2527870,112.48 р.
Белфармация Аптека N32,"Минск-Первомайский, пр-т Независимости, 87 - 4Н",(017) 3580531,112.48 р.
Белфармация Аптека N32 (филиал 3),"Минск-Первомайский, пр-т Независимости, 95/1-22",(017) 3756674,112.48 р.
Белфармация Аптека N34 (филиал 1),"Минск-Партизанский, ул. Фроликова, 2, 14-я городская пол-ка",(017) 3736151,112.48 р.
Белфармация Аптека N39,"Минск-Московский, ул. Карла Либкнехта, 118-2Н",(017) 2430791,112.48 р.
Белфармация Аптека N39 (филиал 5),"Минск-Московский, ул. Хмелевского, 39, 15-я городская п-ка, пом. 94, 95",(017) 2217063,112.48 р.
Белфармация Аптека N4 пятой категории,"Минск-Ленинский, ул. Прушинских, 1-115, остановка м-н Лошица-9",(017) 3627326,112.48 р.
Белфармация Аптека N40 (филиал 2),"Минск-Фрунзенский, ул. Бельского, 60, 2-й городской роддом",(017) 3730642,112.48 р.
Белфармация Аптека N42,"Минск-Советский, Логойский тр-т, 27-9Н",(017) 3705006,112.48 р.
Белфармация Аптека N45,"Минск-Заводской, ул. Голодеда, 63-1H",(017) 3950672,112.48 р.
Белфармация Аптека N45 (филиал 3),"Минск-Заводской, ул. Уборевича, 176, пом. 2, маг. Грин",(017) 3550110,112.48 р.
Белфармация Аптека N47,"Минск-Партизанский, ул. Захарова, 67/2-2Н",(017) 3184811,112.48 р.
Белфармация Аптека N47 (филиал 2),"Минск-Советский, пр-т Независимости, 54-8, ОАО ЦУМ Минск, 3 этаж",(017) 2701613,112.48 р.
Белфармация Аптека N48,"Минск-Фрунзенский, ул. Данилы Сердича, 9-1Н, рядом с маг. Хит! Стандарт",(017) 2437000,112.48 р.
Белфармация Аптека N5,"Минск-Ленинский, ул. Маяковского, 15, пом. 2Н",(017) 2537102,112.48 р.
Белфармация Аптека N5 (филиал 1),"Минск-Ленинский, ул. Великоморская, 36, 11-я городская пол-ка",(017) 3748182,112.48 р.
Белфармация Аптека N54,"Минск-Заводской, пр-т Партизанский, 147-2H",(017) 3644688,112.48 р.
Белфармация Аптека N54 (филиал 2),"Минск-Заводской, Национальный аэропорт Минск, аэровокзал, 3 этаж, 19, пом. 1, Автобус N300, N173",(017) 2791527,112.48 р.
Белфармация Аптека N54 (филиал 4),"Минск-Московский, ул. Щорса, 11-394, м. Грушевка",017 2760255,112.48 р.
Белфармация Аптека N55 (филиал 1),"Минск-Первомайский, ул. Карбышева, 1, женская консультация пол-ки N27",(017) 3580609,112.48 р.
Белфармация Аптека N57,"Минск-Ленинский, пр-т Рокоссовского, 114, пом. 5Н, остановка ""Кинотеатр Салют""",(017) 3971502,112.48 р.
Белфармация Аптека N57 (филиал 2),"Минск-Ленинский, пр-т Рокоссовского, 113, пом. 4Н",(017) 2708208,112.48 р.
Белфармация Аптека N57 (филиал 4),"Минск-Ленинский, пр-т Рокоссовского, 140-119",(017) 2420115,112.48 р.
Белфармация Аптека N58 (филиал 2),"Минск-Московский, ул. Каролинская, 3, 39-я городская пол-ка, 3 этаж, р-н Брилевичи",(017) 3979978,112.48 р.
Белфармация Аптека N58 (филиал 3),"Минск-Московский, ул. Каролинская, 2-177А",(017) 3664584,112.48 р.
Белфармация Аптека N59 (филиал 2),"Минск-Центральный, ул. Ратомская, 7-480д",(017) 2602761,112.48 р.
Белфармация Аптека N62,"Минск-Фрунзенский, пр-т Пушкина, 41, пом. 2Н, ст. м. Пушкинская",(017) 3560798,112.48 р.
Белфармация Аптека N65,"Минск-Советский, ул. Восточная, 46-3Н",(017) 2150658,112.48 р.
Белфармация Аптека N67,"Минск-Заводской, ул. Шишкина, 26-412",(017) 3547644,112.48 р.
Белфармация Аптека N67 (филиал 4),"Минск-Ленинский, пр-т Рокоссовского, 78, пом. 1Н",(017) 2608172,112.48 р.
Белфармация Аптека N68,"Минск-Фрунзенский, ул. Матусевича, 77-1",(017) 3780885,112.48 р.
Белфармация Аптека N7,"Минск-Заводской, пр-т Партизанский, 62, пом. 1Н",(017) 2580103,112.48 р.
Белфармация Аптека N7 (филиал 2),"Минск-Заводской, ул. Жилуновича, 4, универмаг Беларусь, 4 этаж",(017) 2350634,112.48 р.
Белфармация Аптека N7 (филиал 4),"Минск-Заводской, пр-т Партизанский, 182, пом. 1, гипермаркет Грин",(017) 2531770,112.48 р.
Белфармация Аптека N74 (филиал 4),"Минск-Московский, ул. Яна Чечота, 2А, 6-я детская пол-ка",(017) 2174765,112.48 р.
Белфармация Аптека N75,"Минск-Советский, ул. Мирошниченко, 1, к. 1, пом. 4",(017) 3474162,112.48 р.
Белфармация Аптека N78,"Минск-Московский, пр-т Газеты Звязда, 28",(017) 3611300,112.48 р.
Белфармация Аптека N79 (филиал 2),"Минск-Фрунзенский, ул. Налибокская, 46-280",(017) 3236199,112.48 р.
Белфармация Аптека N8 (филиал 3),"Минск-Октябрьский, ул. Воронянского, 50/1, отдельный вход справа, 38-я городская пол-ка",(017) 2316129,112.48 р.
Белфармация Аптека N80,"Минск-Ленинский, ул. Плеханова, 72",(017) 3268891,112.48 р.
Белфармация Аптека N88 (филиал 2),"Минск-Центральный, ул. Орловская, 66/9, РНПЦ Мать и дитя, 9-й корпус консультац. поликлинич. отделения, центральн. вход, 2 этаж",(017) 3671027,112.48 р.
Белфармация Аптека N90,"Минск-Заводской, ул. Нестерова, 51, пом. 8",(017) 3733130,112.48 р.
Белфармация Аптека N90 (филиал 1),"Минск-Заводской, ул. Герасименко, 49, 17-я городская пол-ка",(017) 2152761,112.48 р.
Белфармация Аптека N90 (филиал 2),"Минск-Заводской, ул. Ангарская, 36, пом. 3, маг. Байкальский",(017) 3602543,112.48 р.
Белфармация Аптека N91,"Минск-Фрунзенский, ул. Одинцова, 36/1-8Н",(017) 3774158,112.48 р.
Белфармация Аптека N91 (филиал 2),"Минск-Фрунзенский, ул. Притыцкого, 93, маг. Алми",(017) 2215052,112.48 р.
Белфармация Аптека N97,"Минск-Октябрьский, ул. Жуковского, 10/1-6Н",(017) 3705132,112.48 р.
Добрыя Леки-Эканом Аптека N19 ЗАО Аптека групп Север,"Витебск, ул. Ленина, 73-14",моб. 5355757,112.58 р.
Добрыя Леки-Эканом Аптека N23 ЗАО Аптека групп Север,"Орша, ул. Ленина, 24-2",моб. 5355757,112.58 р.
Добрыя Леки-Эканом Аптека N30 ЗАО Аптека групп Север,"Витебск, ул. Кирова, 2-58",моб. 5355757,112.58 р.
АПТЕЧКА+ Сервис бронирования apte4ka.by,"Витебск, Самовывоз при бронировании",(29) 6838787,112.58 р.
Ледиком ООО Аптека N1,"Борисов, б-р Гречко, 27",(0177) 787625,112.60 р.
Ледиком ООО Аптека N19,"Борисов, ул. Максима Горького, 115/1",(0177) 779622,112.60 р.
Ледиком ООО Аптека N2,"Борисов, ул. Галицкого, 21",(0177) 976367,112.60 р.
Ледиком ООО Аптека N20,"Борисов, ул. Розы Люксембург, 65/2",(0177) 741100,112.60 р.
Ледиком ООО Аптека N3,"Борисов, ул. Трусова, 22-122",(0177) 947144,от 112.60 р.
Ледиком ООО Аптека N9,"Борисов, ул. 50 лет БССР, 15",(0177) 965586,112.60 р.
Витебское УП Фармация Аптека N156,"Орша, пр-т Текстильщиков, 14-48, район льнокомбината",(0216) 508064,112.60 р.
Витебское УП Фармация Аптека N19,"Сенно, г.п. Богушевск, ул. Красноармейская, 20",(02135) 52137,112.60 р.
Витебское УП Фармация Аптека N269,"Докшицы, ул. Ленинская, 19А-2",(02157) 57538,112.60 р.
Витебское УП Фармация Аптека N27,"Чашники, ул. Советская, 35",(02133) 34750,112.60 р.
Витебское УП Фармация Аптека N325,"Шарковщина, ул. Водопьянова, 12",(02154) 43634,112.60 р.
Витебское УП Фармация Аптека N49,"Витебск, ул. Чкалова, 25Б",(0212) 370322,112.60 р.
Арника-Люкс ООО Аптека N1,"Лида, ул. Рыбиновского, 46",(044) 5073201,112.63 р.
Добрыя леки-Эканом Аптека N1 ООО Аптека групп Запад,"Гродно, б-р Ленинского комсомола, 44Б",моб. 5355757,112.66 р.
Добрыя леки-Эканом Аптека N66 ООО Аптека групп Запад,"Гродно, ул. Малыщинская, 2-55",моб. 5355757,112.66 р.
Добрыя Леки-Эканом Аптека N8 ООО Аптека групп Запад,"Гродно, ул. Антонова, 4А, БЦ Клад",моб. 5355757,112.66 р.
АльфаАптека Аптека N10 ЗАО Компания Интерфарм,"Витебск, ул. Анатолия Богатырева, 10/2",(0212) 682047,112.68 р.
АльфаАптека Аптека N22 Фитобел ООО,"Минск-Заводской, ул. Илимская, 27",(044) 5488742,112.68 р.
АльфаАптека Аптека N7 Фитобел ООО,"Минск-Советский, ул. Сурганова, 57Б, пом. 9, ТЦ Европа",(017) 3790541,112.68 р.
АльфаАптека Аптека N13 ОДО Аленфарм плюс,"Минск-Центральный, ул. Леси Украинки, 22",(017) 3736635,112.68 р.
АльфаАптека Аптека N23 ОДО Салюслайн,"Гродно, ул. Малыщинская, 5, пом.9",(0152) 563908,112.68 р.
АльфаАптека Аптека N2 ООО СпецАфармация,"Бобруйск, ул. Урицкого, 131А",(0225) 707019,112.68 р.
Брестское РУП Фармация Аптека N100,"Брест, ул. Карла Маркса, 3-18",(0162) 591887,112.78 р.
Брестское РУП Фармация Аптека N232,"Брест, ул. Кижеватова, 76, в здании больницы N1",(0162) 350305,112.78 р.
АльфаАптека Аптека N17 Фитобел ООО,"Минск-Центральный, ул. Нововиленская, 10-104",(017) 3631742,112.80 р.
Аптека Новая N7 ООО Пролайф,"Могилев, ул. Первомайская, 48-76",(029) 6205690,от 113.91 р.
Доминантафарм ОДО Аптека N14,"Витебск, пр-т Московский, 35-196",(0212) 222232,114.70 р.
Могилевское РУП Фармация Аптека N203,"Могилев, ул. Белинского, 22А, п-ка №12",(0222) 719256,115.00 р.
Юнифарм ООО Аптека N42,"Солигорск, ул. Ленинского Комсомола, 17, маг. Ландыш",(044) 5071542,115.15 р.
Добрыя Леки Аптека N25 ЗАО Аптека групп Юг,"Кричев, м-н Комсомольский, 2А, ТЦ Гарант",моб. 5355757,115.18 р.
Могилевское РУП Фармация Аптека N116,"Бобруйск, ул. 50 лет ВЛКСМ, 13",(0225) 434898,115.20 р.
Могилевское РУП Фармация Аптека N150,"Бобруйск, ул. Минская, 133, маг. Green",(0225) 432393,115.20 р.
Могилевское РУП Фармация Аптека N152,"Могилев, пр-т Пушкинский, 12, ТЦ Арбат",(0222) 633490,115.20 р.
Могилевское РУП Фармация Аптека N155/11,"Бобруйск, ул. Минская, 73-53",(0225) 776674,115.20 р.
Могилевское РУП Фармация Аптека N162,"Кричев, м-н Комсомольский, 1-59",(02241) 63661.,115.20 р.
Могилевское РУП Фармация Аптека N192,"Могилев, ул. 30 лет Победы, 14, маг. Белмаркет",(0222) 721842,115.20 р.
Могилевское РУП Фармация Аптека N209,"Климовичи, ул. Строителей, 1Б",(02244) 71208,115.20 р.
Могилевское РУП Фармация Аптека N91,"Могилев, пр-т Витебский, 4Б, маг. Евроопт",(0222) 787725,115.20 р.
Могилевское РУП Фармация Дрибинская ЦРА N31,"Дрибин, ул. Советская, 5",(02248) 79681,115.20 р.
Могилевское РУП Фармация Мстиславская ЦРА N15,"Мстиславль, ул. Ленина, 26",(02240) 57672,115.20 р.
Могилевское РУП Фармация ЦРА N34,"Чаусы, ул. Пионерская, 12",(02242) 77532,115.20 р.
Планета Здоровья Аптека N34 ООО ДОКТОР ТАИР,"Островец, ул. Володарского, 59А, ТЦ Zammi, якорь Гиппо",+375159129501,от 116.28 р.
Доминантафарм ОДО Аптека N31,"Новополоцк, Василевцы, 15, пом.77",(0214) 523267,116.90 р.
InLek Аптека N2 ОДО ДКМ-ФАРМ,"Солигорск, пр-т Мира, 32",(0174) 263914,117.00 р.
InLek Аптека N29 ОДО ДКМ-ФАРМ,"Солигорск, пер. Парковый, 9А, маг. Копеечка",(0174) 313660,117.00 р.
InLek Аптека N9 ОДО ДКМ-ФАРМ,"Солигорск, ул. Ленина, 2Б",(0174) 235941,117.00 р.
Зеленый лист Аптека N26 ОДО ДКМ-ФАРМ,"Солигорск, ул. Октябрьская, 75А",(0174) 313101,117.00 р.
Пакт-М ООО Аптека N3,"Минск-Партизанский, ул. Высокая, 11Д, пом. 9Н",(017) 3971931,117.25 р.
Планета Здоровья Аптека N35 ООО Космофарма,"Слуцк, ул. 14 Партизан, 15-1, магазин Санта",+375179546527,117.29 р.
Биотест ООО НПК Аптека-музей,"Гродно, пл. Советская, 4-1",(0152) 624242,117.40 р.
InLek Аптека N4 ОДО ДКМ-ФАРМ,"Могилев, пр-т Пушкинский, 14",(0222) 243679,117.44 р.
Доминантафарм ОДО Аптека N4,"Молодечно, ул. Волынца, 12м-2",(0176) 526481,117.90 р.
Доминантафарм ОДО Аптека N5,"Минск-Партизанский, ул. Фрунзе, 3-1",(017) 2717411,118.20 р.
Добрыя Леки Аптека N3 Либерти-фарм ООО,"Сморгонь, ул. Суворова, 32, маг. Маяк",моб. 5355757,118.28 р.
Юнифарм ООО Аптека N40,"Солигорск, ул. Ленина, 35А",(044) 5071540,118.37 р.
Планета Здоровья Аптека N1 ООО Космофарма,"Слуцк, ул. Максима Богдановича, 42, Магазин Евроопт",+375179530090,118.47 р.
Добрыя Леки Аптека N4 Либерти-фарм ООО,"Слуцк, ул. Борисовца, 28, маг. Соседи",моб. 5355757,118.47 р.
Добрыя Леки Аптека N93 ООО Аптека групп Центр,"Борисов, ул. Трусова, 30, маг. Санта",моб. 5355757,118.47 р.
Добрыя Леки Аптека N28 ООО Аптека групп Центр,"Борисов, ул. Ватутина, 32А",моб. 5355757,118.47 р.
Добрыя Леки Аптека N32 ООО Аптека групп Центр,"Слуцк, ул. Виленская, 67А, маг. Санта",моб. 5355757,118.47 р.
Доминантафарм ОДО Аптека N6,"Борисов, пр-т Революции, 64",(0177) 720207,118.49 р.
Минская Фармация Аптека N175,"Слуцк, ул. Социалистическая, 1",(01795) 75960,118.49 р.
Минская Фармация Аптека N195,"Дружный пос., г.п. Свислочь, ул. Строителей, 12А",(01713) 24359,118.49 р.
Минская Фармация Аптека N210,"Дружный пос., ул. Шамановского, 7-2",(01713) 56941,118.49 р.
Минская Фармация Аптека N27,"Руденск, ул. Ленинская, 23",(01713) 90243,118.49 р.
Минская Фармация Аптека N315,"Марьина Горка, ул. Советская, 4",(01713) 60376,118.49 р.
Минская Фармация ЦРА N182,"Минск-Ленинский, пр-т Рокоссовского, 33",(017) 3376088,118.49 р.
Минская Фармация ЦРА N19,"Березино, ул. Хонинова, 36",(01715) 66480,118.49 р.
Доктор Время ООО Аптека N43,"Дзержинск, ул. Фурманова, 7А, ТЦ Тройка",+375171690627,119.12 р.
Планета Здоровья Аптека N10 ОДО Фарм-Продукт,"Фаниполь, ул. Якуба Коласа, 6",+375171693704,119.12 р.
Планета Здоровья Аптека N24 ООО Аптека N28,"Слоним, ул. Брестская, 42, Магазин Грошык",+375156225201,119.12 р.
Планета Здоровья Аптека N25 ИООО АБФармация,"Калинковичи, ул. Интернациональная, 15",+375234525138,119.12 р.
Планета Здоровья Аптека N29 ОДО Фарм-Продукт,"Дзержинск, ул. Фурманова, 2/2-1, Магазин Санта",+375171673185,119.12 р.
Планета Здоровья Аптека N64 Доктор Время ООО,"Рогачев, ул. Ивана Богатырева, 139А, Магазин Санта, отдельный вход",+375233920415,119.12 р.
Планета Здоровья Аптека N66 Доктор Время ООО,"Заславль, пер. Студенецкий, 7-10, Магазин Белмаркет",+375175153356,119.15 р.
Добрыя леки Аптека N15 ЗАО Аптека групп Север,"Витебск, пр-т Фрунзе, 40",моб. 5355757,119.65 р.
Добрыя Леки Аптека N5 ЗАО Аптека групп Север,"Витебск, ул. Максима Горького, 90А",моб. 5355757,119.65 р.
Юнифарм ООО Аптека N25,"Борисов, ул. Чапаева, 11",(044) 5071525,119.65 р.
Добрыя Леки Аптека N30 ЗАО Аптека групп Юг,"Гомель, ул. Головацкого, 113-73",моб. 5355757,119.70 р.
Добрыя Леки Аптека N73 ЗАО Аптека групп Юг,"Могилев, ул. Жемчужная, 22, маг. Соседи",моб. 5355757,119.70 р.
Добрыя Леки Аптека N35 ЗАО Аптека групп Юг,"Гомель, пр-т Речицкий, 61",моб. 5355757,119.76 р.
Добрыя Леки-Эканом Аптека N36 ЗАО Аптека групп Юг,"Гомель, ул. Катунина, 22-1",моб. 5355757,119.76 р.
Ремедика Интерофицина Плюс ООО Аптека N32,"Гомель, ул. Жарковского, 8-10",(0232) 243116,119.78 р.
Доминантафарм ОДО Аптека N26,"Мозырь, б-р Юности, 52-3",(0236) 222626,119.90 р.
Ясса ПКФ ООО Аптека N11,"Минск-Заводской, ул. Селицкого, 87",(017) 3642966,120.00 р.
Ясса ПКФ ООО Аптека N23,"Минск-Первомайский, пр-т Независимости, 96А",(017) 2704370,120.00 р.
Лигматон ООО Аптека N16,"Гомель, ул. Советская, 200, ТЦ Корона, пом. 3-11",(0232) 505020,120.00 р.
ADEL Аптека N1 2-й категории ЗАО Аптека групп Север,"Витебск, ул. Ленина, 6",(044) 5034264,120.05 р.
Добрыя Леки Аптека N6 ЗАО Аптека групп Север,"Витебск, пр-т Московский, 45/2",моб. 5355757,120.05 р.
Добрыя Леки Аптека N33 ООО Аптека групп Запад,"Слоним, ул. Первомайская, 5-7",моб. 5355757,120.05 р.
Планета Здоровья Аптека N11 ОДО Фарм-Продукт,"Логойск, ул. Победы, 44А, Магазин Белмаркет",+375177478985,120.07 р.
Планета Здоровья Аптека N15 Доктор Время ООО,"Дятлово, пл. 17 Сентября, 12",+375156368622,120.07 р.
Планета Здоровья Аптека N18 ИООО АБФармация,"Калинковичи, ул. Пионерская, 1",+375234531079,от 120.07 р.
Планета Здоровья Аптека N22 ИООО АБФармация,"Рогачев, ул. Ивана Богатырева, 118, маг. Евроопт",+375233945686,120.07 р.
Планета Здоровья Аптека N22 ОДО Фарм-Продукт,"Витебск, ул. Ленина, 26А, ТЦ Пирамида",+375212369192,120.07 р.
Добрыя Леки Аптека N35 ООО Аптека групп Запад,"Лида, ул. Советская, 25-4",моб. 5355757,120.20 р.
Минская Фармация Аптека N127,"Воложин, г.п. Ивенец, ул. 1 Мая, 5-50",(01772) 64326,120.35 р.
Минская Фармация Аптека N148,"Солигорск, ул. Коржа, 1, Солигорская районная пол-ка",(0174) 314894,120.35 р.
Минская Фармация Аптека N184,"Слуцк, ул. Чайковского, 25",(01795) 54313,120.35 р.
Минская Фармация Аптека N193,"Солигорск, ул. Железнодорожная, 48",(0174) 331366,120.35 р.
Минская Фармация Аптека N21,"Узда, ул. Степанова, 7А-1",(01718) 69007,120.35 р.
Минская Фармация Аптека N212,"Михановичи, ул. Советская, 15",(017) 5162342,120.35 р.
Минская Фармация Аптека N22,"Заславль, 1-й Микрорайон, 9",(017) 5156528,120.35 р.
Минская Фармация Аптека N43,"Клецк, ул. Партизанская, 4",(01793) 62549,120.35 р.
Минская Фармация Аптека N6,"Несвиж, аг. Снов, ул. Несвижская, 38",(01770) 55676,120.35 р.
Минская Фармация Аптека N83,"Старые Дороги, ул. Комсомольская, 24",(01792) 37202,120.35 р.
Минская Фармация ЦМА N4,"Несвиж, ул. Советская, 14-53",(01770) 26320,120.35 р.
Минская Фармация ЦРА N90,"Любань, ул. Чкалова, 3",(01794) 46012,120.35 р.
Минская Фармация ЦРА N16,"Борисов, ул. Трусова, 43",(01777) 51004,120.35 р.
Добрыя Леки Аптека N19 ООО Аптека групп Запад,"Белоозерск, ул. Энергетиков, 10, маг. Евроопт",моб. 5355757,120.48 р.
Планета Здоровья Аптека N10 ООО Аптека N28,"Слоним, Коссовский тр-т, 74А, Магазин Маяк",+375156268763,от 120.50 р.
Планета Здоровья Аптека N13 ООО Аптека N28,"Верхнедвинск, ул. Кобзуна, 1-2",+375215167298,120.50 р.
Планета Здоровья Аптека N22 ООО ДОКТОР ТАИР,"Минск-Фрунзенский, аг. Ждановичи, ул. Звездная, 19А-2",+375175126536,от 120.50 р.
Планета Здоровья Аптека N25 Доктор Время ООО,"Дзержинск, ул. Протасова, 23А, ТЦ Престиж",+375171668678,120.50 р.
Планета Здоровья Аптека N30 ОДО Фарм-Продукт,"Поставы, ул. Зеленая, 5В, Магазин Санта",+375215520295,120.50 р.
Планета Здоровья Аптека N32 ИООО АБФармация,"Белоозерск, ул. Мира, 13, Магазин Санта",+375164358053,120.50 р.
Планета Здоровья Аптека N34 Доктор Время ООО,"Копыль, ул. Тракторная, 1А, Магазин Санта,отдельный вход",+375171925851,от 120.50 р.
ADEL Аптека N12 ЗАО Аптека групп Север,"Витебск, ул. Новооршанская, 4, медцентр CityClinic",(044) 5034264,120.51 р.
Юнифарм ООО Аптека N14,"Барановичи, ул. Советская, 102",(044) 5071514,120.51 р.
Экомаркет ООО Аптека N1 пятой категории,"Минск-Московский, ул. Карла Либкнехта, 84/1-1Н",(044) 5072501,120.52 р.
Лигматон ООО Аптека N5,"Минск-Центральный, пр-т Победителей, 65-1, ТЦ Замок",(017) 3673040,120.80 р.
Лигматон ООО Аптека N1,"Минск-Фрунзенский, ул. Кальварийская, 24, ТЦ Корона",(017) 2701129,120.80 р.
Ремедика ЛКЛ ООО Аптека N17,"Жодино, пр-т Ленина, 15Б, пом. 9",(0177) 550284,120.91 р.
Ремедика Бальзам ООО Аптека N16,"Брест, ул. Морозова, 5-2",(0162) 537925,120.92 р.
Ремедика Бальзам ООО Аптека N17,"Гомель, ул. Ефремова М.Г., 2, пом.2",(0232) 356027,120.92 р.
Ремедика Бальзам ООО Аптека N3,"Брест, ул. Орловская, 54",(0162) 406268,120.92 р.
Пакт-М ООО Аптека N1,"Минск-Заводской, ул. Охотская, 135/3",(017) 2705250,120.93 р.
Пакт-М ООО Аптека N10,"Минск-Советский, ул. Хмаринская, 2-3",(017) 3010232,от 120.93 р.
Добрыя Леки Аптека N1 Либерти-фарм ООО,"Могилев, ул. Якубовского, 37А",моб. 5355757,120.98 р.
ADEL Аптека N14 ЗАО Аптека групп Юг,"Могилев, ул. Первомайская, 69А/41",(044) 5034264,120.98 р.
ADEL Аптека N15 ЗАО Аптека групп Юг,"Могилев, ул. Первомайская, 42",(044) 5034264,120.98 р.
Добрыя Леки Аптека N5 ЗАО Аптека групп Юг,"Могилев, ул. Народного Ополчения, 20",моб. 5355757,120.98 р.
Могилевское РУП Фармация Аптека N115/7,"Бобруйск, ул. Октябрьская, 132-81",(0225) 718688,121.00 р.
Могилевское РУП Фармация Аптека N129,"Белыничи, ул. Оборонная, 1",(02232) 72942,121.00 р.
Могилевское РУП Фармация Аптека N151,"Климовичи, ул. 50 лет СССР, 8",(02244) 76262,121.00 р.
Могилевское РУП Фармация Аптека N21,"Могилев, ул. Каштановая, 2-3",(0222) 729373,121.00 р.
Могилевское РУП Фармация Аптека N23,"Могилев, ул. Островского, 1Б",(0222) 636025,121.00 р.
Могилевское РУП Фармация Аптека N28,"Могилев, ул. Мовчанского, 43-73",(0222) 761625,121.00 р.
Могилевское РУП Фармация Аптека N80,"Осиповичи, ул. Социалистическая, 24-48",(02235) 24891,121.00 р.
Могилевское РУП Фармация Осиповичская ЦРА N109,"Осиповичи, ул. Сумченко, 65Б-1",(02235) 56292,121.00 р.
Лигматон ООО Аптека N6,"Минск-Первомайский, пр-т Независимости, 154, ТЦ Корона, пом. 234–242",(017) 3948600,121.00 р.
Медвакс СЗАО Аптека N16,"Минск-Центральный, пр-т Победителей, 84, ТРЦ Арена-Сити",(017) 3942613,122.00 р.
Медвакс СЗАО Аптека N2,"Минск-Московский, пр-т Дзержинского, 126, ТЦ Простор",(017) 2583832,122.00 р.
Медвакс СЗАО Аптека N36,"Смолевичи, ул. Первомайская, 6, маг. Белмаркет",(017) 7644065,от 122.00 р.
Медвакс СЗАО Аптека N5,"Минск-Московский, пр-т Дзержинского, 126, ТЦ Простор",(017) 3928503,122.00 р.
Медвакс СЗАО Аптека N8,"Минск-Заводской, пр-т Партизанский, 182, ТЦ Green",(017) 2301854,122.00 р.
Медвакс СЗАО Аптека N9,"Минск-Заводской, ул. Уборевича, 176, ТЦ Green",(017) 3684338,122.00 р.
Юнифарм ООО Аптека N10,"Борисов, ул. Строителей, 26",(044) 5071510,122.08 р.
Добрыя леки Аптека N6 ЗАО Аптека групп Юг,"Могилев, пр-т Пушкинский, 35Б, маг. Перекресток",моб. 5355757,122.20 р.
Добрыя Леки Аптека N83 ЗАО Аптека групп Юг,"Климовичи, ул. 50 лет СССР, 23Б, маг. Санта",моб. 5355757,122.20 р.
Ясса ПКФ ООО Аптека N16,"Минск-Заводской, ул. Нестерова, 2, маг. N43 Заводского райпищеторга",(017) 3780533,122.60 р.
Ремедика ЛКЛ ООО Аптека N26,"Молодечно, ул. Притыцкого, 25-14",(0176) 538015,122.60 р.
Ремедика Бальзам ООО Аптека N35,"Гомель, ул. Советская, 30-3",(0232) 249644,122.61 р.
Столичная Аптека N14 СП Самбест ООО,"Минск-Фрунзенский, пр-т Пушкина, 67",(017) 3548740,от 122.88 р.
Мелисса Аптека N2 УП МедФармИнвест,"Минск-Заводской, ул. Ташкентская, 6А",(017) 3778866,122.97 р.
Ремедика ЛКЛ ООО Аптека N18,"Могилев, ул. Бялыницкого-Бирули, 2-2",(0222) 415363,123.17 р.
Ремедика Интерофицина Плюс ООО Аптека N4,"Минск-Октябрьский, ул. Могилевская, 5",(017) 3731903,123.17 р.
Искамед ООО Аптека N102,"Минск-Московский, пр-т Дзержинского, 94",(017) 2701259,123.20 р.
Комфарм ООО Аптека N3,"Минск-Советский, ул. Сосновый бор, 4",(017) 3163848,123.20 р.
Искамед ООО Аптека N92,"Минск-Октябрьский, ул. Аэродромная, 32",(017) 2351459,123.20 р.
Медвакс СЗАО Аптека N10,"Новогрудок, ул. Садовая, 5",(01597) 32511,124.00 р.
Добрыя Леки Аптека N28 ООО Аптека групп Запад,"Барановичи, ул. Красноармейская, 10-1",моб. 5355757,124.29 р.
Добрыя Леки Аптека N46 ООО Аптека групп Запад,"Барановичи, ул. Наконечникова, 37А, маг. Mart Inn",моб. 5355757,124.29 р.
Флора-Фарм ООО Аптека N7,"Минск-Советский, ул. Гикало, 18",(017) 2246656,124.30 р.
Ремедика Бальзам ООО Аптека N2,"Брест, ул. Московская, 253-196",(0162) 531107,124.31 р.
Ремедика Бальзам ООО Аптека N33,"Барановичи, ул. Тексер, 4А, пом. 4-6",(0163) 629405,124.31 р.
Лигматон ООО Аптека N8,"Солигорск, ул. Заслонова, 29, ТЦ Корона",(0174) 323030,124.50 р.
Ремедика ЛКЛ ООО Аптека N11,"Боровляны, аг. Лесной, 35/160",(017) 3926875,124.80 р.
Добрыя Леки Аптека N8 ЗАО Аптека групп Север,"Витебск, ул. Чкалова, 39/1-84",моб. 5355757,124.98 р.
Витвар ООО Аптека N11,"Верхнедвинск, ул. Советская, 63",(02151) 61774,125.00 р.
Витвар ООО Аптека N13,"Витебск, ул. Леонова, 3А",(0212) 263316,125.00 р.
Витвар ООО Аптека N14,"Витебск, ул. Ленинградская, 135А",(0212) 374956,125.00 р.
Витвар ООО Аптека N17,"Витебск, ул. Фрунзе, 76-35",(0212) 261059,125.00 р.
Витвар ООО Аптека N18,"Гомель, ул. Кожара, 1-670",(0232) 270045,125.00 р.
Витвар ООО Аптека N2,"Витебск, ул. Гагарина, 19/42",(0212) 362725,125.00 р.
Витвар ООО Аптека N3,"Минск-Московский, пр-т Газеты Звязда, 16/1-4",(017) 2770121,125.00 р.
Витвар ООО Аптека N5,"Минск-Советский, ул. Куйбышева, 69-2Н",(017) 2423419,125.00 р.
Витвар ООО Аптека N7,"Браслав, ул. Садовая, 6",(02153) 61423,125.00 р.
Ясса ПКФ ООО Аптека N10,"Минск-Советский, ул. Олешева, 1",(017) 3186726,125.00 р.
БелЛекоЦентр РУП Государственная аптека N21,"Барановичи, ул. Тельмана, 62-46",(0163) 640323,125.20 р.
Мелисса Аптека N6 УП МедФармИнвест,"Минск-Фрунзенский, ул. Налибокская, 1, ТЦ Караван, торговое место N154",(017) 3000138,125.25 р.
Гомельское УП Фармация Аптека N66/3,"Калинковичи, ул. Октябрьская, 30",(02345) 53115,125.60 р.
Ремедика Бальзам ООО Аптека N13,"Брест, ул. Советская, 25",(0162) 214600,125.90 р.
Ремедика Бальзам ООО Аптека N30,"Минск-Советский, ул. Леонида Беды, 8-159, пом. 159-1-1",(017) 2355121,125.90 р.
InLek Аптека N6 ОДО ДКМ-ФАРМ,"Минск-Октябрьский, Леонида Левина, 9-294",(017) 3165052,126.09 р.
Тишас ОДО Аптека N6,"Слуцк, ул. Ленина, 290А",(01795) 64450,126.20 р.
ADEL Аптека N48 ЗАО Аптека групп Юг,"Пинск, пр-т Жолтовского, 22-107, рядом с лаб. Helix",(044) 5034264,126.48 р.
БелЛекоЦентр РУП Государственная аптека N23,"Барановичи, Р-4, 6-й км, 6, пом. 21, ТЦ Dovod",(0163) 634356,126.50 р.
Наша аптека N10 Аптечное дело ООО,"Пинск, ул. Шапошника, 9, маг. Eurospar",(0165) 619100,126.50 р.
Ремедика ЛКЛ ООО Аптека N2,"Жодино, ул. 50 лет Октября, 20-1Г",(029) 3528782,126.56 р.
Вест ООО Аптека N1,"Жодино, пр-т Мира, 6",(01775) 40303,126.80 р.
Столичная Аптека N23 СП Самбест ООО,"Минск-Фрунзенский, ул. Бурдейного, 6В, ТЦ Топ",(017) 3737032,127.39 р.
Столичная Аптека N19 СП Самбест ООО,"Минск-Советский, пр-т Независимости, 58А-31",(017) 3795869,127.39 р.
Столичная Аптека N25 СП Самбест ООО,"Минск-Первомайский, пр-т Независимости, 103, пом. 1Н",(017) 3540550,127.39 р.
Добрыя Леки Аптека N21 ООО Аптека групп Запад,"Пружаны, ул. Заводская, 15А-2, маг. Евроопт",моб. 5355757,127.68 р.
Ремедика Бальзам ООО Аптека N11,"Пинск, ул. Первомайская, 117",(0165) 640193,127.70 р.
Ремедика Бальзам ООО Аптека N12,"Брест, ул. Республиканская, 10Б-54",(0162) 574929,127.70 р.
Ремедика Бальзам ООО Аптека N25,"Брест, ул. Советская, 80",(0162) 238688,127.70 р.
Ремедика Бальзам ООО Аптека N5,"Брест, ул. Адамковская, 58A, почта",(0162) 563796,127.70 р.
Ремедика Бальзам ООО Аптека N6,"Пружаны, ул. Лазо, 3, к. 1",(01632) 29744,127.70 р.
Ремедика Бальзам ООО Аптека N9,"Брест, ул. Суворова, 63, пом. 80",(0162) 575781,127.70 р.
Ремедика ЛКЛ ООО Аптека N6,"Минск-Центральный, пр-т Победителей, 89, к. 3",(017) 3770430,128.08 р.
Плесид ООО Аптека N3,"Минск-Фрунзенский, пр-т Пушкина, 12А",(044) 5074503,128.48 р.
Юнифарм ООО Аптека N41,"Брест, ул. Гоголя, 78-2",(044) 5071541,128.48 р.
Столичная Аптека N17 СП Самбест ООО,"Минск-Ленинский, ул. Прушинских, 2, маг. Евроопт",(017) 3619427,128.56 р.
Добрыя Леки Аптека N52 ЗАО Аптека групп Юг,"Горки, пр-т Интернациональный, 22-26",моб. 5355757,128.68 р.
Могилевское РУП Фармация Аптека N145,"Горки, ул. Кирова, 13",(02233) 79209,128.70 р.
Могилевское РУП Фармация Аптека N5,"Могилев, ул. Пионерская, 15, Центральная пол-ка №1",(0222) 626387,128.70 р.
Биотест ООО НПК Аптека N2,"Гродно, ул. Врублевского, 45-4",(0152) 550500,128.79 р.
Веди-Мед ОДО Ремедика Аптека N3,"Рогачев, ул. Набережная, 83-1а, маг. Евроопт",(02339) 47979,128.83 р.
Столичная Аптека N16 Самбест СП ООО,"Минск-Советский, ул. Гикало, 1",(017) 3744839,128.88 р.
Гродненское РУП Фармация Аптека N225,"Волковыск, ул. Октябрьская, 55, пом. 68",(01512) 68246,129.00 р.
Белфармация Аптека N55,"Минск-Первомайский, ул. Калиновского, 55В",(017) 3529042,129.00 р.
Белфармация Аптека N74 (филиал 1),"Минск-Октябрьский, ул. Воронянского, 11/5-1Н",(017) 3775041,129.00 р.
Ремедика Бальзам ООО Аптека N10,"Брест, ул. Жукова, 7",(0162) 580689,129.19 р.
Ремедика Бальзам ООО Аптека N19,"Пинск, ул. Парковая, 146А",(0165) 662089,129.19 р.
Ремедика Бальзам ООО Аптека N37,"Пинск, ул. Солнечная, 45Б",(0165) 660145,129.19 р.
Вест ООО Аптека N3,"Жодино, ул. Советская, 5",(01775) 67282,129.90 р.
Медтехника УП Аптека N5,"Гомель, пр-т Победы, 23",(0232) 328094,129.95 р.
Радикс Аптека N15 ООО Диалпро,"Минск-Первомайский, ул. Никифорова, 51, пом. 42, маг. Евроопт",(017) 3800170,129.95 р.
Радикс Аптека N14 ООО Диалпро,"Любань, ул. Первомайская, 67",(01794) 63202,129.95 р.
Минская Фармация Аптека N124,"Воложин, аг. Раков, пл. Свободы, 11А",(01772) 61394,129.98 р.
Минская Фармация ЦМА N80,"Слуцк, ул. Ленина, 132",(01795) 53374,129.98 р.
Чефи ООО Аптека N1,"Боровляны, ул. 40 лет Победы, 28",(017) 5051155,130.25 р.
Ремедика ЛКЛ ООО Аптека N19,"Минск-Центральный, Долгиновский тр-т, 178",(017) 2705750,130.27 р.
Столичная Аптека N22 СП Самбест ООО,"Минск-Центральный, ул. Игнатенко, 8",(017) 3680570,130.28 р.
Столичная Аптека N20 СП Самбест ООО,"Минск-Московский, ул. Уманская, 54, пом. 136, ТЦ Глобо",(017) 3704935,130.28 р.
Столичная Аптека N15 СП Самбест ООО,"Минск-Первомайский, ул. Карбышева, 7, к. 2, пом. 4, рядом с маг. Евроопт",(017) 3926799,130.28 р.
Столичная Аптека N6 СП Самбест ООО,"Минск-Московский, пр-т Любимова, 17-4",(017) 3703677,130.28 р.
Ремедика Бальзам ООО Аптека N4,"Минск-Первомайский, ул. Петра Мстиславца, 11, пом. 123",(017) 2474434,130.29 р.
Добрыя Леки Аптека N5 Либерти-фарм ООО,"Боровляны, ул. 40 лет Победы, 21Д, маг. Соседи",моб. 5355757,130.30 р.
Добрыя Леки Аптека N8 Либерти-фарм ООО,"Минск-Ленинский, ул. Янки Лучины, 44-1, маг. Соседи",моб. 5355757,130.30 р.
Добрыя Леки Аптека N86 ООО Аптека групп Центр,"Минск-Первомайский, ул. Калиновского, 72",моб. 5355757,130.30 р.
ADEL Аптека N20 ООО Аптека групп Центр,"Минск-Первомайский, ул. Кирилла Туровского, 4-264",(044) 5034264,130.30 р.
Добрыя Леки Аптека N35 ООО Аптека групп Центр,"Минск-Фрунзенский, ул. Сухаревская, 46-297",моб. 5355757,130.30 р.
Добрыя Леки-Эканом Аптека N55 ЗАО Аптека групп Север,"Полоцк, ул. Максима Богдановича, 10",моб. 5355757,130.30 р.
Витафарм ООО Аптека N3,"Брест, ул. Московская, 327",(0162) 291723,130.40 р.
Витафарм ООО Аптека N6,"Брест, ул. Адамковская, 45, пом. 10-19",(0162) 588437,130.45 р.
Витафарм ООО Аптека N9,"Брест, пр-т Машерова, 16",(0162) 536586,130.45 р.
InLek Аптека N20 ОДО ДКМ-ФАРМ,"Минск-Ленинский, ул. Маяковского, 6, пом. 21 и 34, ТРЦ Червенский",(017) 2213255,130.49 р.
InLek Аптека N7 ООО Сеть аптек,"Колодищи, аг. Колодищи, ул. Энтузиастов, 2, пом. 2",(017) 5033677,130.49 р.
Добрыя Леки Аптека N24 ЗАО Аптека групп Север,"Городок, ул. Красноармейская, 66",моб. 5355757,130.91 р.
Добрыя Леки Аптека N29 ЗАО Аптека групп Север,"Браслав, ул. Садовая, 10",моб. 5355757,130.91 р.
Добрыя Леки Аптека N38 ЗАО Аптека групп Юг,"Светлогорск, м-н Молодежный, 20А",моб. 5355757,131.00 р.
Добрыя Леки Аптека N40 ЗАО Аптека групп Юг,"Речица, ул. Советская, 47, маг. Вожык",моб. 5355757,131.00 р.
Добрыя Леки Аптека N42 ЗАО Аптека групп Юг,"Светлогорск, м-н Первомайский, 3, маг. Fix Рrice",моб. 5355757,131.00 р.
Добрыя Леки Аптека N43 ЗАО Аптека групп Юг,"Речица, ул. Чапаева, 20/17",моб. 5355757,131.00 р.
Добрыя Леки Аптека N67 ЗАО Аптека групп Юг,"Октябрьский, ул. Советская, 59А-3",моб. 5355757,131.00 р.
Столичная Аптека N1 СП Самбест ООО,"Минск-Советский, ул. Якуба Коласа, 51/1-46",(017) 3420680,от 131.27 р.
Столичная Аптека N26 СП Самбест ООО,"Минск-Центральный, пр-т Машерова, 76А, пом. 2, БЦ Стэлла",(017) 3428674,131.27 р.
ADEL Аптека N29 ООО Аптека групп Запад,"Гродно, ул. Виленская, 2, админ-торг. комплекс На Виленской",(044) 5034264,131.38 р.
Моя Аптека ООО Аптека N105,"Петриков, ул. Базарная, 10А",,131.40 р.
ИЛПО ООО Аптека N2,"Боровляны, аг. Лесной, 19B-4",(017) 2362423,131.47 р.
Добрыя Леки Аптека N41 ООО Аптека групп Центр,"Любань, ул. Первомайская, 34",моб. 5355757,131.70 р.
Юнифарм ООО Аптека N13,"Солигорск, ул. Заслонова, 67Б",(044) 5071513,131.75 р.
Юнифарм ООО Аптека N37,"Минск-Центральный, пр-т Победителей, 45, мед. центр Кравира",(044) 5071537,131.75 р.
Радикс Аптека N12 ООО Радикс-С,"Минск-Первомайский, ул. Волгоградская, 4",(017) 2769003,от 132.12 р.
Добрыя Леки Аптека N25 ООО Аптека групп Запад,"Брест, ул. Гродненская, 32, маг. Техника и быт",моб. 5355757,132.37 р.
Добрыя Леки Аптека N34 ООО Аптека групп Запад,"Барановичи, ул. Глинки, 44",моб. 5355757,132.37 р.
Добрыя Леки Аптека N40 ООО Аптека групп Запад,"Кобрин, ул. Ленина, 200, маг. Вектор",моб. 5355757,132.37 р.
InLek Аптека N25 ООО Сеть аптек,"Минск-Советский, д. Боровая, 7А, маг. Гиппо",(017) 5110023,132.90 р.
Флора-Фарм ООО Аптека N16,"Минск-Советский, ул. Богдана Хмельницкого, 10-40",(017) 2706580,132.95 р.
Флора-Фарм ООО Аптека N4,"Минск-Московский, ул. Слободская, 27",(017) 3607912,132.95 р.
Юнифарм ООО Аптека N27,"Жодино, ул. Калиновского, 13-5",(044) 5071527,133.05 р.
Арника-Люкс ООО Аптека N5,"Лида, ул. Комсомольская, 28-2, рынок",(044) 5073505,133.05 р.
Плесид ООО Аптека N1,"Минск-Фрунзенский, ул. Янки Мавра, 20",(044) 5074501,133.05 р.
Искамед ООО Аптека N34,"Могилев, пр-т Пушкинский, 55",(0222) 425457,133.20 р.
Искамед ООО Аптека N38,"Слуцк, ул. 14 Партизан, 60",(01795) 59481,133.20 р.
Искамед ООО Аптека N118,"Мозырь, б-р Юности, 59А, ТЦ Бульвар",(0236) 215955,133.20 р.
Искамед ООО Аптека N111,"Несвиж, ул. Советская, 6",(01770) 26883,133.20 р.
Искамед ООО Аптека N122,"Борисов, ул. Нормандия-Неман, 4А, маг. Алми",(0177) 723006,133.20 р.
Искамед ООО Аптека N4,"Пинск, ул. Первомайская, 145-109",(0165) 638081,133.20 р.
Искамед ООО Аптека N99,"Гродно, ул. Пролетарская, 6А",(0152) 716794,133.20 р.
Искамед ООО Аптека N113,"Минск-Центральный, ул. Нововиленская, 27, БЦ Левада",(017) 2316022,133.20 р.
Искамед ООО Аптека N37,"Заславль, ул. Советская, 81",(017) 5141023,133.20 р.
Юнифарм ООО Аптека N1 второй категории,"Колодищи, ул. Короткая, 8",(044) 5071202,133.48 р.
Юнифарм ООО Аптека N19,"Солигорск, пр-т Мира, 34, маг. Радуга",(044) 5071519,133.48 р.
Моя Аптека ООО Аптека N11,"Гродно, ул. Лиможа, 32Б-17",(0152) 553317,133.80 р.
Моя Аптека ООО Аптека N19,"Гомель, ул. Ефремова М.Г., 11-8",(0232) 538855,от 133.80 р.
Моя Аптека ООО Аптека N52,"Лунинец, ул. Чехова, 2-2",(01647) 45383,от 133.80 р.
Моя Аптека ООО Аптека N9,"Могилев, ул. Первомайская, 61, ЦУМ",(0222) 604376,133.80 р.
Биотест ООО НПК Аптека N9,"Гродно, ул. Поповича, 24-23",(0152) 391673,133.84 р.
Добрыя Леки Аптека N26 ООО Аптека групп Центр,"Минск-Первомайский, пр-т Независимости, 70, угловое здание ул. Сурганова 17",моб. 5355757,133.93 р.
Добрыя Леки Аптека N42 ООО Аптека групп Центр,"Минск-Фрунзенский, ул. Дунина-Марцинкевича, 2, к. 1, пом. 2Н",моб. 5355757,133.93 р.
Добрыя Леки Аптека N47 ООО Аптека групп Центр,"Минск-Заводской, ул. Селицкого, 65, маг. Соседи",моб. 5355757,133.93 р.
Юнифарм ООО Аптека N29,"Солигорск, ул. Железнодорожная, 16А",(044) 5071529,134.01 р.
Добрыя Леки Аптека N65 ООО Аптека групп Запад,"Кобрин, ул. Дружбы, 21А, пом. 11,12",моб. 5355757,134.01 р.
Добрыя Леки Аптека N16 ООО Аптека групп Центр,"Минск-Первомайский, м. Уручье, подземный переход, выход к ул. Руссиянова",моб. 5355757,134.01 р.
Добрыя Леки Аптека N2 ООО Аптека групп Центр,"Минск-Советский, ул. Куйбышева, 40, вход с ул. Кульман",моб. 5355757,134.01 р.
Флора-Фарм ООО Аптека N13,"Минск-Ленинский, ул. Якубова, 10-9",(017) 3504160,134.35 р.
Столичная Аптека N18 СП Самбест ООО,"Минск-Московский, ул. Романовская Слобода, 13, пом. 2Н",(017) 2436339,134.37 р.
Пакт-М ООО Аптека N6,"Минск-Центральный, ул. Тимирязева, 129, к. 2",(017) 3739296,134.37 р.
SAVA Аптека N35 ОДО ДКМ-ФАРМ,"Минск-Советский, ул. В. Цвирко, 78-98",(017) 2494246,134.40 р.
Витафарм ООО Аптека N10,"Брест, ул. Мошенского, 102, маг. Продтовары",(0162) 508403,134.45 р.
АПТЕЧКА+ Сервис бронирования apte4ka.by,"Полоцк, Самовывоз при бронировании",(29) 6838787,134.57 р.
АПТЕЧКА+ Сервис бронирования apte4ka.by,"Пинск, Самовывоз при бронировании",(29) 6838787,134.57 р.
Добрыя Леки Аптека N17 ООО Аптека групп Запад,"Брест, ул. Рябиновая, 26",моб. 5355757,134.59 р.
Искамед ООО Аптека N56,"Гродно, ул. Дубко, 17, ТЦ Old City",(0152) 447535,134.70 р.
Искамед ООО Аптека N18,"Минск-Фрунзенский, ул. Одинцова, 113",(017) 2584000,134.70 р.
Наша аптека N6 Аптечное дело ООО,"Барановичи, ул. Притыцкого, 77А",(0163) 649936,134.75 р.
ADEL Аптека N20 ООО Аптека групп Запад,"Брест, ул. Гоголя, 83",(044) 5034264,134.78 р.
Добрыя Леки Аптека N102 ООО Аптека групп Центр,"Молодечно, г.п. Радошковичи, ул. Советская, 1-2, маг. Копеечка",моб. 5355757,134.78 р.
Добрыя Леки Аптека N23 ООО Аптека групп Центр,"Боровляны, д. Боровляны, ул. Березовая роща, 108-7",моб. 5355757,134.78 р.
Добрыя Леки Аптека N59 ООО Аптека групп Центр,"Мачулищи, ул. Молодежная, 29",моб. 5355757,134.78 р.
Комфарм ООО Аптека N7,"Солигорск, ул. Железнодорожная, 21, ТЦ Галерея",(0174) 320062,136.10 р.
ADEL Аптека N50 ООО Аптека групп Запад,"Брест, ул. Махновича, 14",(044) 5034264,136.77 р.
Добрыя леки Аптека N18 ООО Аптека групп Запад,"Брест, ул. Луцкая, 46",моб. 5355757,136.77 р.
Добрыя Леки Аптека N48 ООО Аптека групп Запад,"Брест, ул. Советской Конституции, 21-1",моб. 5355757,136.77 р.
Добрыя Леки Аптека N82 ООО Аптека групп Центр,"Минск-Заводской, Новодворский с/с, М-4, 5-й км, 4, маг. Белмаркет",моб. 5355757,136.77 р.
Добрыя Леки Аптека N83 ООО Аптека групп Центр,"Заславль, Петришковский с/с, 6-район, маг. Гиппо",моб. 5355757,136.77 р.
ADEL Аптека N18 ООО Аптека групп Центр,"Минск-Московский, ул. Мясникова, 35",(044) 5034264,136.77 р.
Добрыя леки Аптека N15 ООО Аптека групп Центр,"Минск-Фрунзенский, м. Кунцевщина, подземный переход",моб. 5355757,136.77 р.
Добрыя леки Аптека N27 ООО Аптека групп Центр,"Минск-Первомайский, ул. Академическая, 1, институт Истории",моб. 5355757,136.77 р.
Добрыя леки Аптека N43 ООО Аптека групп Центр,"Минск-Центральный, пр-т Победителей, 89, маг. Соседи",моб. 5355757,136.77 р.
Добрыя леки Аптека N8 ООО Аптека групп Центр,"Минск-Заводской, м. Могилевская, выход на сторону ТЦ Момо",моб. 5355757,136.77 р.
АПТЕЧКА+ Сервис бронирования apte4ka.by,"Слоним, Самовывоз при бронировании",(29) 6838787,137.03 р.
АПТЕЧКА+ Сервис бронирования apte4ka.by,"Жлобин, Самовывоз при бронировании",(29) 6838787,137.03 р.
Вест ООО Аптека N2,"Смолевичи, ул. Социалистическая, 5",(01776) 52454,137.30 р.
Белана ООО ПКФ Аптека N18,"Жабинка, ул. Заречная, 26-49",(01641) 32993,139.15 р.
АПТЕЧКА+ Сервис бронирования apte4ka.by,"Слуцк, Самовывоз при бронировании",(29) 6838787,139.47 р.
Витафарм ООО Аптека N14,"Брест, ул. Московская, 326-270",(0162) 593097,139.70 р.
Витафарм ООО Аптека N15,"Брест, пр-т Машерова, 17-1, ЦУМ",(0162) 230478,139.70 р.
Витафарм ООО Аптека N17,"Брест, пр-т Республики, 1, пом. 3, мед. центр Новамед",(0162) 281357,139.70 р.
InLek Аптека N22 ООО Сеть аптек,"Минск-Фрунзенский, ул. Горецкого, 2, маг. Гиппо",(017) 3632633,139.70 р.
InLek Аптека N36 ОДО ДКМ-ФАРМ,"Минск-Октябрьский, аг. Сеница, ул. Зеленая, 1, к. 5, маг. Гиппо",(017) 5107078,от 139.70 р.
Зеленый лист Аптека N30 ОДО ДКМ-ФАРМ,"Барановичи, пр-т Советский, 35, ТЦ Светиловский",(0163) 643292,139.70 р.
InLek Аптека N103 ООО Сеть аптек,"Боровляны, аг. Лесной, ул. Александрова, 15, маг. Гиппо",(017) 3161321,140.10 р.
InLek Аптека N12 ОДО ДКМ-ФАРМ,"Лида, ул. Качана, 29, вход возле Белита-Витекс",(0154) 532029,140.10 р.
InLek Аптека N15 ОДО ДКМ-ФАРМ,"Минск-Первомайский, ул. Франтишка Скорины, 9, магазин Семь пятниц XXL, вдоль кассовой линии, напротив входа в магазин",(017) 2706657,от 140.10 р.
InLek Аптека N21 ОДО ДКМ-ФАРМ,"Минск-Заводской, пр-т Партизанский, 79, пом. 22, ТРЦ Prizma, подземный этаж вход возле маг. Мила",(017) 3880696,140.10 р.
InLek Аптека N18 ОДО ДКМ-ФАРМ,"Молодечно, ул. Франциска Скорины, 28, маг. Алми",(0176) 525077,140.18 р.
InLek Аптека N34 ОДО ДКМ-ФАРМ,"Минск-Центральный, Долгиновский тр-т, 178, ТЦ ALL",(017) 3933619,140.18 р.
InLek Аптека N41 ОДО ДКМ-ФАРМ,"Могилев, ул. Минское Шоссе, 31, ТЦ Парк Сити",(0222) 771036,140.18 р.
InLek Аптека N69 ООО Сеть аптек,"Минск-Советский, Боровлянский с/с, 74/1, ТРЦ Экспобел, маг. Гиппо, вход напротив касс №17,18",(029) 1614248,от 140.18 р.
Ледиком ООО Аптека N15,"Березино, ул. Победы, 50/35",(0171) 568613,141.50 р.
Ледиком ООО Аптека N4,"Крупки, ул. Московская, 7",(0179) 627755,141.50 р.
АльфаАптека Аптека N35 Фитобел ООО,"Минск-Московский, ул. Космонавтов, 5А, магазин Соседи",(017) 2354720,143.10 р.
Юнифарм ООО Аптека N17,"Солигорск, ул. Ленина, 15А",(044) 5071517,143.15 р.
Юнифарм ООО Аптека N32,"Бобруйск, пл. Привокзальная, 4, Магазин Мартин",(044) 5071532,143.15 р.
Ледиком ООО Аптека N8,"Березино, ул. Марии Романович, 3/2",(0171) 567782,от 145.50 р.
